# shepherd-bench query trace v1 — GENERATED, COMMITTED, AND FIXED BEFORE THE RUN.
# Regenerate with: shepherd-bench gen-trace
# Derived purely from bench-contract.toml [fixture].seed = 20260816; no corpus needed.
# columns: idx <TAB> class <TAB> query <TAB> source
#   source = corpus row id (lexical classes) or centroid id (semantic class),
#   so any line can be checked by re-deriving the row it came from.
0	path_fragment	2025/media/tra	5107180
1	path_fragment	Pictures/scripts/han	8507415
2	prefix	IMG_20	5100997
3	infix	rch-v3	5030986
4	infix	e-draf	4729337
5	prefix	IMG_2026	3201937
6	prefix	presenta	4715126
7	prefix	dev	1609064
8	infix	acking.j	7216779
9	semantic	customer testing about system	152
10	prefix	video-v3	5269859
11	path_fragment	Pictures/2019/Pac	3131501
12	infix	-11-0	8725176
13	prefix	trans	771045
14	prefix	diagram-	9745818
15	infix	resourc	8530943
16	prefix	tracki	7935638
17	path_fragment	shared/docs	2755751
18	infix	020-11-1	4115917
19	semantic	pricing report about overview	2663
20	prefix	hotfix_r	6991298
21	infix	tfix-	398840
22	prefix	staging	8797495
23	infix	-draft	9497750
24	prefix	receipt	1418905
25	infix	-data-c	4607857
26	semantic	handover request about receipt	3962
27	prefix	aud	2193281
28	path_fragment	products/legal	5874114
29	path_fragment	2025/2021/pro	9318450
30	prefix	quar	5767872
31	prefix	templ	5560211
32	infix	ox_su	1619793
33	semantic	design sync about license	955
34	path_fragment	shared/legal/ses	9890892
35	prefix	Onboa	5936823
36	path_fragment	Documents/デザイン	2463055
37	infix	7 (copy	4579893
38	infix	atch.tx	1416317
39	prefix	Client	168907
40	infix	mate-s	9864901
41	path_fragment	quarterly/core/scr	4547563
42	prefix	bui	4951784
43	prefix	policy	6161038
44	semantic	index settings about pipeline	1217
45	prefix	build-	8185126
46	path_fragment	platform/tools	3391044
47	prefix	data-f	4320109
48	infix	7_638783	74122
49	infix	pload.	4550457
50	prefix	rec	8407156
51	infix	Kick	5922730
52	infix	rame-lic	7958485
53	infix	v8.jp	4910717
54	path_fragment	웹/resources	2770138
55	prefix	invoice	4500781
56	path_fragment	shared/lib/min	9880316
57	prefix	proje	5671804
58	prefix	index-	8301626
59	semantic	wireframe specification about sandbox	2929
60	path_fragment	images/legal/sur	3845881
61	semantic	service sheet about sample	4044
62	infix	1125_	677803
63	prefix	metrics	9042018
64	infix	11-15.j	4457924
65	prefix	roa	8595696
66	infix	ion-	9129993
67	path_fragment	src/images/qua	5628257
68	prefix	legac	3449775
69	prefix	logistic	3364353
70	prefix	hotfix-	107351
71	semantic	overview migration about sandbox	3185
72	path_fragment	benchmarks/accounting	7362428
73	prefix	version-	1441868
74	infix	arterly.	595582
75	path_fragment	team/2019	7204465
76	infix	schema.t	3471474
77	prefix	config-	7641818
78	infix	021-01-	6459020
79	prefix	ledger_	6484004
80	infix	andbox	5115609
81	prefix	IMG	1190723
82	path_fragment	customers/media/pac	9830444
83	infix	11_223	1257244
84	prefix	Impo	3401799
85	semantic	minutes summary about contract	2656
86	infix	e.pd	9626563
87	path_fragment	hr/engineering/out	2428777
88	prefix	asset	4849944
89	prefix	IMG_2019	77067
90	infix	rkshop.	9520488
91	prefix	tracki	7524906
92	semantic	session restore about mockup	3571
93	prefix	wiref	4432860
94	infix	sfer.lo	5444093
95	prefix	notes-wi	128783
96	infix	ustom	4221295
97	prefix	custo	6697438
98	path_fragment	utils/public	5610097
99	path_fragment	backend/engineering	1082523
100	infix	mpaign.	579435
101	path_fragment	Documents/2024/pay	3626269
102	semantic	research profile about legacy	730
103	infix	1-24.	3943930
104	prefix	respons	2726505
105	path_fragment	static/웹/dra	3706621
106	prefix	profi	2489751
107	prefix	bac	3784315
108	infix	ch-temp	1157636
109	prefix	hotf	6897774
110	semantic	portrait manifest about system	840
111	prefix	imag	71015
112	path_fragment	shared/misc	7617448
113	prefix	RolloutA	8100487
114	prefix	usage-an	694993
115	path_fragment	Music/misc	3125181
116	prefix	clien	6513165
117	infix	416.	2688300
118	infix	670.do	9496369
119	infix	ment	1715251
120	semantic	testing storage about cache	2960
121	prefix	trans	1119674
122	infix	 (copy 1	2041296
123	prefix	prop	1155304
124	prefix	build	6400814
125	infix	ngs-moc	5225081
126	infix	file	8582806
127	path_fragment	marketing/utils	2386213
128	path_fragment	2023/quarterly/cus	5210370
129	prefix	rollout-	9015968
130	prefix	system	4338642
131	path_fragment	imports/common	731797
132	prefix	rollou	2423903
133	infix	ut-bud	3180339
134	path_fragment	support/2026/she	9330090
135	infix	loadDa	3495051
136	infix	20-05-0	2246
137	prefix	patc	3489864
138	semantic	network engine about review	4019
139	prefix	IMG_2022	2836516
140	infix	-source.	5398962
141	prefix	tran	7100267
142	prefix	kic	1603126
143	infix	0191009_	5710262
144	path_fragment	resources/components/Fin	4550871
145	prefix	con	1454935
146	prefix	sheet-k	1821161
147	infix	board_	7404118
148	path_fragment	admin/support	1338547
149	semantic	upload profile about delivery	2874
150	prefix	cust	7136346
151	infix	ata.p	9823176
152	prefix	monthly	1872182
153	infix	evice.	6916972
154	prefix	sec	5506797
155	infix	dor.mo	7744464
156	prefix	strateg	8169008
157	path_fragment	operations/mobile	622093
158	semantic	rollout cache about logistics	1852
159	path_fragment	targets/2020/man	6717217
160	infix	-sessi	5234635
161	prefix	sche	2269636
162	prefix	con	4636170
163	semantic	response client about source	2481
164	path_fragment	public/2023/pay	5992279
165	prefix	IMG	615028
166	path_fragment	tools/marketing/not	653050
167	infix	enshot	411242
168	prefix	refact	5053421
169	infix	kage.m	4849942
170	prefix	networ	8291360
171	infix	eipt.p	5050488
172	semantic	project report about metrics	902
173	infix	y-review	5349176
174	infix	 1).	7007358
175	path_fragment	quarterly/frontend	6322691
176	prefix	source	5954925
177	path_fragment	android/reports	1398383
178	prefix	repor	9574266
179	prefix	wor	5175266
180	infix	ques	7511215
181	semantic	ledger vendor about vendor	2761
182	infix	r-stor	9000425
183	path_fragment	デザイン/shared	7391404
184	prefix	vendor-	4484294
185	prefix	month	1816117
186	prefix	sett	2547763
187	prefix	IMG_20	8082151
188	path_fragment	vendors/scripts/scr	2995225
189	infix	_patch.c	3350040
190	path_fragment	2021/lib/pip	5887809
191	infix	wire	3511233
192	infix	onfig_o	2680604
193	prefix	Stateme	5461873
194	prefix	surv	8076903
195	prefix	minute	9436010
196	prefix	tim	9809131
197	semantic	support policy about design	3241
198	infix	imateSe	1829041
199	path_fragment	Documents/modules/ima	636919
200	prefix	imag	9938687
201	infix	2024-	5874020
202	prefix	sample	5127350
203	infix	-11-15.m	1918208
204	infix	4-02-1	9088021
205	prefix	legac	8755178
206	prefix	ass	4357062
207	path_fragment	accounting/웹	6018672
208	semantic	response version about session	763
209	path_fragment	Documents/clients	4431226
210	infix	ssion-2	3105063
211	prefix	inte	9133344
212	path_fragment	tests/media	1177928
213	prefix	transf	6827732
214	infix	-12-08.t	2939356
215	infix	ding-w	4581670
216	semantic	output build about minutes	2408
217	path_fragment	media/infra	2599528
218	prefix	ledge	6512613
219	prefix	patch	9781416
220	semantic	script sample about license	3630
221	path_fragment	2021/marketing	1121375
222	infix	022-09	9739378
223	prefix	prop	3051830
224	prefix	quarte	6659701
225	infix	0240520_	5121778
226	path_fragment	src/2026/por	4760756
227	prefix	IMG_2	9366230
228	infix	8-18.cs	819643
229	prefix	plannin	2045480
230	infix	0221	1197041
231	prefix	sch	6937856
232	prefix	final-	3147475
233	path_fragment	Pictures/migrations/ven	1708604
234	prefix	update	989512
235	path_fragment	migrations/backend/she	1395861
236	prefix	scr	4554059
237	infix	t_overv	8319856
238	infix	get-spri	9380246
239	semantic	timeline source about ledger	730
240	prefix	timeline	9773855
241	infix	er-v4	6956272
242	prefix	IMG_	9506813
243	prefix	patch-i	9981694
244	path_fragment	packages/api/out	1454430
245	infix	ity-ima	5427351
246	infix	ipt.	2368129
247	path_fragment	scripts/utils/roa	8717669
248	prefix	Quarte	6952040
249	semantic	config recording about kickoff	2778
250	infix	tore	4541235
251	prefix	bac	7091942
252	prefix	tes	7184826
253	infix	taging-	7071154
254	prefix	contrac	1301602
255	path_fragment	2024/core/rec	4608174
256	infix	2022060	436596
257	path_fragment	static/accounting/req	6236293
258	semantic	workshop logistics about security	1811
259	prefix	moc	3856789
260	infix	ign-2026	2569832
261	semantic	onboarding roadmap about resource	91
262	prefix	patch	59473
263	infix	0622_	3648612
264	path_fragment	Downloads/2025/fin	2450631
265	infix	12-17.	507875
266	prefix	min	2096539
267	prefix	video-	7118195
268	prefix	sched	1310552
269	path_fragment	mobile/inbox	6828627
270	infix	uild-v9.	514587
271	prefix	receip	4491770
272	prefix	work	1481666
273	prefix	fin	9186204
274	path_fragment	2024/personal/set	6420106
275	infix	-fin	6176152
276	semantic	staging migration about logistics	1201
277	prefix	hando	6536413
278	path_fragment	exports/2020/tes	8667206
279	infix	ild-v3	7358715
280	infix	-06-19.	9793592
281	prefix	Request	3512474
282	prefix	work	6340518
283	path_fragment	exports/benchmarks/not	6956324
284	infix	t-survey	2429167
285	infix	tor-mont	3707044
286	semantic	license campaign about transfer	2652
287	prefix	speci	5759063
288	path_fragment	2021/support	9898854
289	prefix	financ	7847609
290	prefix	scr	3989889
291	semantic	logistics response about system	3243
292	infix	finance.	2982135
293	prefix	survey	7708667
294	infix	et.htm	6122002
295	prefix	IMG_20	9846841
296	path_fragment	vendors/outbox/scr	4129329
297	infix	ayrol	4498029
298	path_fragment	Pictures/workspace/rec	5028094
299	prefix	Quarterl	2687525
300	prefix	summa	2560386
301	infix	v3.xls	6504331
302	prefix	specif	7971643
303	semantic	logistics archive about archive	405
304	prefix	cont	9713941
305	infix	ackage	1465641
306	path_fragment	android/photos	1139521
307	infix	-04-	7070314
308	prefix	final	7410880
309	path_fragment	common/src/con	9533944
310	path_fragment	clients/2026	1682926
311	infix	igratio	2867851
312	semantic	research scratch about manifest	2657
313	prefix	support	8471611
314	prefix	support	1813458
315	infix	cord	2398929
316	prefix	index-20	856679
317	prefix	road	5020833
318	infix	2_71	7626071
319	path_fragment	docs/benchmarks/spr	8554816
320	infix	cript.p	6525943
321	path_fragment	Downloads/fixtures/por	9450521
322	prefix	data	9895663
323	infix	01-05.pn	1767219
324	path_fragment	reports/exports	4248364
325	prefix	vendor_p	8735923
326	prefix	IMG_20	4102787
327	infix	ing-h	8144659
328	semantic	presentation specification about sandbox	1662
329	prefix	Scree	4772828
330	prefix	design	3124643
331	infix	up-2023	387821
332	prefix	output-	9426654
333	semantic	wireframe research about config	3214
334	prefix	index	3010816
335	infix	t-2021-0	7577987
336	path_fragment	android/products/pip	2467861
337	prefix	IMG	2922811
338	infix	_28333	307095
339	path_fragment	backend/resources	9674712
340	prefix	source	928889
341	prefix	sandb	1474082
342	path_fragment	packages/inbox/ima	9878943
343	infix	et-v1.p	790981
344	prefix	sta	8200774
345	infix	anifest-	3269629
346	semantic	dashboard meeting about client	2821
347	prefix	outp	3214380
348	path_fragment	Pictures/workspace	5786354
349	infix	3-28.jso	5324742
350	prefix	hando	5151281
351	prefix	patc	2250920
352	path_fragment	migrations/2020/ske	569154
353	semantic	tracking review about sync	2717
354	infix	er.xl	8862868
355	path_fragment	misc/support/eng	1630295
356	prefix	templat	4109070
357	prefix	road	9656235
358	infix	-test	4590682
359	infix	_282852.	1217217
360	prefix	update-s	6494670
361	prefix	san	5333582
362	path_fragment	models/frontend/pro	1677322
363	prefix	migratio	8166500
364	prefix	client-i	2401162
365	infix	eport-e	4343272
366	path_fragment	Projects/android	7770106
367	semantic	annual staging about review	705
368	infix	e_quart	4701475
369	infix	n.lo	9512354
370	prefix	Logistic	6520202
371	semantic	report archive about source	2077
372	prefix	build-v	7227481
373	infix	koff-v4	3488797
374	infix	utes-v9.	4859256
375	infix	sprint.	3109942
376	prefix	sketch-v	8356302
377	path_fragment	mobile/staging/cus	5765840
378	path_fragment	reports/src	6390089
379	prefix	Finan	1006033
380	prefix	MockupR	2210136
381	prefix	rollout-	8503015
382	prefix	draft-v2	3725506
383	path_fragment	Pictures/hr	5995197
384	infix	nal.do	9649943
385	infix	tement	5056775
386	path_fragment	2023/resources/roa	2825162
387	prefix	qua	8530279
388	infix	iptR	4245337
389	semantic	backup final about logistics	3742
390	semantic	workflow handoff about statement	555
391	prefix	plan	7916984
392	infix	nse_b	2802574
393	path_fragment	infra/modules	6277196
394	prefix	moc	7919426
395	infix	lien	7489356
396	prefix	diagram	6348259
397	prefix	test	6339040
398	infix	ipel	3834962
399	path_fragment	utils/reports/sys	9680408
400	infix	nfig-v4	1641224
401	prefix	plan	1921246
402	prefix	notes-t	6678037
403	infix	inutes-v	5521803
404	prefix	draft-	6166550
405	semantic	resource notes about usage	27
406	prefix	assets_	6953800
407	infix	melin	3136484
408	path_fragment	media/outbox	7533902
409	path_fragment	2020/backend	1354119
410	prefix	final	7016086
411	path_fragment	Desktop/common	676723
412	infix	20508_92	6164514
413	infix	-tim	5909409
414	prefix	image-	7884130
415	path_fragment	imports/media/Res	7175172
416	semantic	image roadmap about proposal	2311
417	prefix	Meeti	5779014
418	infix	-12-	3904160
419	prefix	dra	1526290
420	prefix	video-i	1095402
421	prefix	payrol	6986339
422	path_fragment	shared/2024/hea	5719382
423	infix	fix-	312731
424	prefix	recordin	7494789
425	infix	acy-2021	1479072
426	infix	he-qua	7246732
427	prefix	led	6377400
428	path_fragment	infra/tests/cac	9860879
429	semantic	script logistics about mockup	4
430	infix	he_sy	3839339
431	prefix	draft-v6	1159624
432	path_fragment	Documents/2025	8207296
433	prefix	Ima	9377465
434	prefix	schema	9421867
435	path_fragment	marketing/engineering/sum	9755164
436	infix	26-0	7133850
437	infix	s-payro	5328385
438	prefix	schem	7716800
439	semantic	request sync about forecast	2220
440	prefix	ann	842168
441	infix	-vendor	3141076
442	path_fragment	staging/customers/lay	2247912
443	infix	sProto	878578
444	path_fragment	scripts/tools	3904650
445	semantic	onboarding workshop about import	3567
446	prefix	backup-	2014562
447	prefix	sour	3834921
448	infix	owTr	6527135
449	prefix	minu	5356992
450	infix	andoffPo	3150172
451	infix	3-05-26	5979941
452	prefix	kick	9645390
453	prefix	buil	7069989
454	prefix	str	6963847
455	semantic	request render about rollout	3337
456	infix	teme	8273992
457	path_fragment	Documents/android	7239341
458	path_fragment	team/images	5981123
459	prefix	portrait	5342717
460	infix	e-up	1972042
461	semantic	project support about cache	689
462	prefix	security	1416671
463	path_fragment	quarterly/infra/pla	7116977
464	path_fragment	archive/exports/sup	9646009
465	prefix	mon	4716379
466	prefix	Update	1682512
467	infix	sion.jp	2872111
468	infix	ient-20	8975988
469	prefix	del	4473188
470	path_fragment	Music/hr	8220561
471	path_fragment	Projects/reports	3634827
472	infix	erview	454828
473	prefix	sett	899563
474	prefix	pres	1347263
475	prefix	pat	5248452
476	semantic	pricing release about presentation	1469
477	infix	setting	1861678
478	infix	h-uploa	411279
479	prefix	IMG_20	9419526
480	path_fragment	common/服务/IMG	8069724
481	semantic	manifest policy about quarterly	3003
482	prefix	Sandbo	8837588
483	prefix	pipel	6579745
484	infix	5-12-	1798296
485	prefix	quarte	7131172
486	path_fragment	android/targets	1665138
487	infix	_338	8006
488	prefix	serv	2364519
489	infix	mage-20	1578417
490	prefix	overvie	2132047
491	path_fragment	inbox/デザイン	7126396
492	infix	rdin	6637945
493	prefix	policy	1983583
494	prefix	IMG_2	9552000
495	infix	heade	7244997
496	path_fragment	Documents/mobile	9248349
497	semantic	snapshot survey about pipeline	1383
498	prefix	IMG_2	3098728
499	infix	-v2.xls	9768627
500	infix	ledger.	475554
501	prefix	IMG_2	9189432
502	prefix	IMG_2	9728390
503	prefix	stagi	3936473
504	path_fragment	docs/public/out	949334
505	infix	ng-por	1295979
506	prefix	exp	9675750
507	path_fragment	research/웹/pri	7477288
508	semantic	profile timeline about forecast	1668
509	infix	e-202	5703241
510	path_fragment	workspace/media/sch	732887
511	prefix	upl	793304
512	infix	peci	7223226
513	prefix	esti	2121585
514	semantic	device recording about export	3206
515	prefix	migra	2423922
516	infix	orkshopO	8032094
517	path_fragment	images/modules	7209285
518	infix	inutes-	9087472
519	prefix	snapsho	754312
520	prefix	revi	587640
521	semantic	sprint cache about archive	1784
522	infix	ecificat	3881337
523	infix	int.tx	2529250
524	path_fragment	lib/styles/imp	3504625
525	prefix	IMG_2021	4364103
526	infix	ype_dat	729272
527	path_fragment	hr/core	8593558
528	prefix	payro	8625805
529	prefix	migrat	8012474
530	prefix	dash	1753136
531	prefix	index-v	2086851
532	semantic	upload script about customer	635
533	prefix	delive	1641263
534	infix	ut-v5.r	6704300
535	path_fragment	Videos/frontend	5732335
536	infix	m_foreca	2314812
537	prefix	tracking	7742852
538	infix	ation	3019374
539	path_fragment	styles/common/lay	1450482
540	infix	nutes-b	5433822
541	prefix	migrati	1527272
542	prefix	profil	4439986
543	path_fragment	images/core/leg	6208492
544	prefix	Netwo	3006194
545	infix	-release	4625081
546	path_fragment	engineering/components/Syn	423734
547	infix	-invoi	9060478
548	semantic	import payroll about template	727
549	prefix	sket	1308045
550	path_fragment	components/exports	1015528
551	semantic	draft security about video	992
552	prefix	specifi	1625601
553	path_fragment	misc/products	7417039
554	prefix	metr	6403611
555	infix	ort.	6639071
556	infix	apshot	7149658
557	prefix	mockup_s	7511705
558	infix	9-04.ppt	4966012
559	prefix	sync_f	5396031
560	prefix	int	3546397
561	prefix	tra	9401709
562	path_fragment	styles/vendors/IMG	905092
563	prefix	tra	2821392
564	infix	2026-11-	6406586
565	semantic	schedule quarterly about support	49
566	infix	ix-a	5458579
567	infix	out_	1294152
568	prefix	IMG_2	5442489
569	path_fragment	Projects/hr	2799755
570	semantic	session storage about monthly	3706
571	infix	support	4567153
572	prefix	log	7052864
573	prefix	campa	1738776
574	infix	ransfe	9652676
575	prefix	update-v	6599046
576	prefix	IMG_	5906616
577	path_fragment	accounting/archive	6295826
578	infix	er-v8.do	9662255
579	path_fragment	styles/exports/tra	1632889
580	infix	220_	7033529
581	prefix	policy	4399755
582	semantic	specification import about update	664
583	prefix	present	4944230
584	prefix	assets-n	2913529
585	path_fragment	misc/styles/sec	2426199
586	prefix	por	1357259
587	path_fragment	Projects/vendors	6671903
588	infix	Handoff.	4713325
589	infix	1_44450	1393701
590	prefix	del	5990513
591	prefix	layo	7488649
592	infix	osal-re	4133315
593	path_fragment	2024/support/IMG	5406908
594	prefix	scratch-	373831
595	infix	yroll	7874604
596	path_fragment	웹/benchmarks	6264183
597	prefix	han	7502945
598	infix	port-de	3890821
599	semantic	minutes build about session	786
600	prefix	fin	1558907
601	prefix	diagr	3466044
602	path_fragment	Documents/inbox/res	1275447
603	path_fragment	quarterly/hr/IMG	3107209
604	infix	-v3.	5574947
605	infix	c-2025-0	7932763
606	prefix	output-	9278642
607	infix	-01-09.j	3324736
608	semantic	usage annual about quarterly	1186
609	prefix	surv	4585081
610	infix	190621_7	6310330
611	infix	ta.lo	2467692
612	path_fragment	tools/personal/fin	3872330
613	infix	nsfer.	6165930
614	semantic	onboarding pipeline about handoff	3703
615	prefix	des	7893236
616	path_fragment	2019/operations/IMG	2155732
617	prefix	scri	5188682
618	prefix	profile	2011345
619	prefix	licen	7489278
620	path_fragment	shared/lib/Fin	3544245
621	infix	4627	5559447
622	infix	4_63	4198907
623	prefix	vers	2621322
624	infix	020-	5395448
625	semantic	contract legacy about restore	4071
626	prefix	budget-2	7846054
627	prefix	template	2125435
628	path_fragment	marketing/outbox/fin	7667148
629	prefix	export	2209211
630	prefix	migrat	5401605
631	prefix	pres	2566638
632	prefix	quar	6491818
633	semantic	upload mockup about schedule	2515
634	path_fragment	Documents/hr/ren	1521921
635	infix	ct-20	996203
636	prefix	Pro	7479017
637	infix	get-20	8619215
638	infix	script.	486586
639	path_fragment	fixtures/examples	8602632
640	prefix	restore	3525395
641	infix	704_7	2822833
642	prefix	network	2343813
643	path_fragment	exports/src/pro	8761368
644	infix	ait-	7919753
645	semantic	strategy index about logistics	1378
646	infix	eceiptR	265765
647	prefix	Secu	9286432
648	path_fragment	Videos/mobile	2883084
649	prefix	IMG_202	9945150
650	prefix	stat	8077785
651	infix	ve-20	7237692
652	prefix	sam	3801711
653	path_fragment	customers/migrations/res	3857000
654	prefix	sum	2466917
655	infix	pricin	8936848
656	semantic	config client about pipeline	1793
657	prefix	sand	9366598
658	infix	70.sq	5739054
659	path_fragment	2023/inbox/dra	1960146
660	infix	ing_tra	2264880
661	prefix	tracki	1432669
662	semantic	sample license about update	476
663	prefix	kick	7468633
664	infix	2-09-2	6180165
665	prefix	tes	6518343
666	infix	portrait	6865016
667	prefix	IMG_202	6636743
668	path_fragment	operations/models	2809233
669	path_fragment	Pictures/vendors/She	2608677
670	infix	23-11-0	2382283
671	prefix	est	9451771
672	infix	MG_20251	1699313
673	prefix	bud	6670034
674	prefix	transfer	3012215
675	path_fragment	tools/photos	2756606
676	infix	23-03-14	6902754
677	semantic	header hotfix about pipeline	2758
678	path_fragment	lib/mobile/por	8930139
679	prefix	audit-20	6324584
680	path_fragment	2021/support/arc	660757
681	infix	port-ove	9757621
682	prefix	upload	8446519
683	infix	eipt	6638097
684	semantic	metrics export about sprint	1737
685	prefix	licen	726733
686	infix	kflow	6235365
687	prefix	import-	2697839
688	path_fragment	photos/sales	692918
689	prefix	netw	1009776
690	prefix	usage_on	4361910
691	path_fragment	misc/backend/rec	2971442
692	prefix	schedu	107462
693	infix	reframe-	1841721
694	path_fragment	fixtures/migrations/Man	6867369
695	infix	10-2	7781855
696	infix	esear	1968669
697	semantic	kickoff transfer about dashboard	1760
698	prefix	bud	8023246
699	prefix	upd	4325490
700	infix	ndboxSp	8591392
701	prefix	vide	6958431
702	infix	sferMoc	5958707
703	prefix	sync-	4975732
704	prefix	int	2324214
705	prefix	client-2	1537925
706	semantic	policy screenshot about network	1518
707	infix	ld-pr	3130910
708	path_fragment	misc/웹/sec	450553
709	path_fragment	2024/outbox/met	6691072
710	prefix	quar	9547821
711	path_fragment	2025/photos/sta	1630540
712	infix	port-201	6543931
713	semantic	rollout sample about vendor	2621
714	infix	ecifi	4961483
715	infix	egacy	5123604
716	prefix	final	3880727
717	prefix	pipeli	1896377
718	path_fragment	common/support/sys	4897117
719	prefix	scr	4843311
720	path_fragment	public/shared	8744507
721	infix	53614.	5535269
722	prefix	archive-	6519714
723	prefix	sta	4090448
724	semantic	device export about config	2511
725	prefix	IMG_2	3504390
726	infix	94926.pn	8883110
727	prefix	IMG_2021	9374974
728	path_fragment	examples/2022/IMG	2626641
729	infix	et.t	1139510
730	prefix	surve	2505797
731	path_fragment	웹/research/pat	4080056
732	prefix	reco	1469515
733	prefix	rev	5899945
734	semantic	restore prototype about profile	3116
735	path_fragment	admin/products/ann	5088416
736	infix	am-v	3251234
737	infix	ayou	9537855
738	prefix	system	2859625
739	infix	ning-201	1381331
740	prefix	config-2	3577177
741	infix	rotot	4571850
742	path_fragment	marketing/2025	2210142
743	prefix	index-2	8055411
744	infix	-upd	376546
745	path_fragment	operations/staging/ver	8510663
746	semantic	profile transcript about planning	3160
747	infix	980.c	2853671
748	prefix	asse	4742157
749	prefix	recei	5863897
750	prefix	ReviewN	4208206
751	path_fragment	engineering/products/arc	9626024
752	infix	sourc	6382458
753	path_fragment	frontend/scripts/lic	4664222
754	prefix	sheet-p	1128982
755	semantic	sheet pipeline about config	2323
756	prefix	policy-r	6345600
757	prefix	InvoiceN	57849
758	infix	doff-po	5615540
759	infix	ecif	5258674
760	prefix	surv	2411254
761	prefix	financ	7905732
762	infix	nce-v2.	9002714
763	semantic	script estimate about transcript	1120
764	path_fragment	Pictures/デザイン	6612851
765	infix	_2019081	629907
766	prefix	IMG_	2574433
767	path_fragment	utils/images	6182513
768	prefix	quar	9752771
769	infix	v8.jp	2585892
770	path_fragment	Desktop/docs/sam	9493228
771	path_fragment	tests/packages	8266670
772	prefix	str	3117220
773	infix	0607_2	3601492
774	infix	1018_0	3952829
775	prefix	packa	1575552
776	prefix	storage	2465263
777	prefix	servi	3947177
778	infix	esting-v	3073174
779	semantic	statement backup about diagram	784
780	semantic	output contract about storage	2215
781	prefix	IMG_	123343
782	path_fragment	products/android/IMG	7554722
783	prefix	proposal	1034866
784	infix	cree	364019
785	infix	cingRe	7386739
786	prefix	manifest	3975762
787	infix	 (cop	2916369
788	path_fragment	docs/accounting	3528311
789	prefix	internal	1310644
790	prefix	specif	1803279
791	infix	ine-2024	8875080
792	path_fragment	products/quarterly	8368838
793	path_fragment	Pictures/docs	8574000
794	semantic	request header about service	2165
795	prefix	sprin	5594066
796	prefix	minutes	3303086
797	infix	am.htm	2985399
798	infix	2149.cs	6636817
799	prefix	sket	1537435
800	prefix	Settin	3973860
801	prefix	budget-	658701
802	prefix	pricing	1381233
803	semantic	import minutes about quarterly	2022
804	path_fragment	products/quarterly	1364321
805	infix	-suppo	964369
806	infix	epor	4695480
807	infix	tput-s	2814016
808	path_fragment	benchmarks/sales	695424
809	prefix	cach	8547371
810	infix	patch-se	3182612
811	prefix	clie	6036117
812	infix	2020-07-	1070615
813	prefix	Moc	6966294
814	semantic	sample policy about update	484
815	infix	ule-	579058
816	prefix	session	6393189
817	path_fragment	api/admin/IMG	6891522
818	prefix	contrac	6364749
819	path_fragment	exports/tests/con	8910242
820	infix	m-pro	4597549
821	prefix	pip	5477930
822	semantic	mockup specification about refactor	900
823	infix	imate-v	4181987
824	prefix	kickoff-	2813945
825	path_fragment	photos/服务/pat	1621385
826	prefix	IMG_202	5223406
827	path_fragment	shared/legal	2036397
828	infix	e-sprint	9770149
829	prefix	wir	7647056
830	prefix	inde	9914023
831	infix	ustome	6766811
832	prefix	versio	1842882
833	prefix	payrol	9949362
834	infix	-12-02.	3533894
835	path_fragment	2023/docs/exp	3608881
836	path_fragment	photos/legal	572919
837	infix	-10-18.h	4507356
838	semantic	schema portrait about contract	34
839	prefix	devi	7662119
840	path_fragment	models/support	5050335
841	prefix	portrai	6575970
842	prefix	IMG	9040828
843	semantic	timeline cache about sketch	45
844	path_fragment	shared/migrations	2106772
845	prefix	scri	9286909
846	infix	etrics-r	4039175
847	infix	MG_20	4419037
848	infix	r-ren	8890697
849	prefix	service	2357533
850	prefix	sett	1643482
851	semantic	policy source about testing	2628
852	prefix	IMG	2907709
853	path_fragment	docs/core/mee	7476798
854	infix	port_	3602260
855	path_fragment	Projects/lib/Dev	6568481
856	prefix	data	9823194
857	prefix	final	6296623
858	infix	recast.p	8053569
859	infix	inal_ex	3646376
860	infix	ew-sch	3046527
861	prefix	bud	5305940
862	prefix	restore-	5976593
863	path_fragment	team/backend/out	8195749
864	infix	atio	1569678
865	infix	-schema	1175837
866	prefix	IMG_20	1664431
867	path_fragment	Pictures/hr	9146349
868	prefix	license-	6607156
869	semantic	network sprint about schema	1469
870	infix	nder.j	4567765
871	prefix	source	2561761
872	path_fragment	targets/mobile	7797058
873	prefix	data-pro	1927512
874	infix	025-0	9552861
875	prefix	export-	2853416
876	semantic	engine security about estimate	2375
877	infix	meet	3532139
878	path_fragment	2024/vendors	10598
879	prefix	usa	7688455
880	infix	lineInv	6293545
881	path_fragment	Videos/웹/scr	9683439
882	prefix	sync-202	6469502
883	path_fragment	support/targets	4957560
884	infix	tes-20	2715201
885	infix	t-re	5928571
886	prefix	usage	8331641
887	prefix	IMG_20	1300219
888	semantic	screenshot screenshot about sheet	3673
889	prefix	system	9928684
890	infix	reensh	415447
891	path_fragment	hr/models/ser	9305162
892	infix	e-20	2142899
893	prefix	audit-t	4919275
894	infix	81123	8897619
895	path_fragment	2020/inbox	971658
896	prefix	out	2720605
897	prefix	devi	6336725
898	semantic	dashboard schedule about final	4032
899	prefix	final	1315263
900	semantic	quarterly payroll about video	2800
901	prefix	upload	3211027
902	infix	kup-s	7713169
903	prefix	kickof	8441250
904	infix	9-04	2628148
905	prefix	template	8451892
906	prefix	index-	1155262
907	path_fragment	2026/targets	1835745
908	infix	pshot-	5970519
909	path_fragment	shared/workspace	6991729
910	prefix	req	3920352
911	prefix	sess	9033242
912	infix	0191225_	7221736
913	path_fragment	tools/resources	9664856
914	prefix	scr	659880
915	prefix	clie	4977951
916	semantic	portrait snapshot about template	2721
917	path_fragment	2023/docs/bud	4968435
918	infix	20190820	9980123
919	infix	-11-0	2520157
920	infix	1106_	3019968
921	path_fragment	benchmarks/benchmarks/han	7329944
922	path_fragment	customers/platform	7127514
923	prefix	wirefr	1522060
924	semantic	design minutes about legacy	3617
925	infix	2025-07	359686
926	prefix	sto	7712489
927	prefix	ser	2292659
928	prefix	profile-	7482003
929	infix	08-1	1286833
930	semantic	logistics package about logistics	619
931	prefix	tim	464506
932	infix	ot-v6.p	7456375
933	prefix	SourceH	7383755
934	infix	logistic	6088667
935	path_fragment	targets/tools	7395366
936	path_fragment	Projects/scripts/ses	1862147
937	prefix	project-	8930737
938	infix	sion_cam	5090632
939	prefix	Propos	8437154
940	prefix	vers	4253705
941	infix	or-v2.jp	9928623
942	prefix	scratch	3172880
943	prefix	vendor	1943457
944	path_fragment	Desktop/frontend	4071719
945	infix	ease_	3343934
946	infix	(copy 	6204237
947	prefix	interna	4051910
948	path_fragment	api/デザイン	6509729
949	semantic	cache monthly about mockup	2106
950	infix	e.doc	112914
951	path_fragment	workspace/admin/syn	8255173
952	path_fragment	components/components	9906667
953	infix	e_sch	6058776
954	prefix	spe	3933518
955	prefix	snapsh	8621216
956	infix	l_protot	5728761
957	semantic	dashboard version about update	242
958	prefix	restore	7411247
959	prefix	IMG_	2584949
960	prefix	handov	927714
961	semantic	receipt statement about script	1357
962	path_fragment	quarterly/static	6357034
963	infix	cking_bu	8285430
964	prefix	timel	1565958
965	prefix	support	2437104
966	prefix	schema	1028668
967	infix	roduct.m	3723948
968	infix	ne-clien	6047410
969	path_fragment	Projects/backend	303477
970	prefix	produc	7447753
971	path_fragment	workspace/images	6985952
972	prefix	res	1998424
973	semantic	storage license about quarterly	3709
974	infix	ice-v2.	4370040
975	path_fragment	packages/scripts/sup	2110557
976	infix	(cop	6829078
977	prefix	projec	7980827
978	infix	egacy-	802972
979	prefix	IndexImp	4619789
980	path_fragment	utils/misc/rep	7349886
981	infix	-2026-0	6060587
982	semantic	support package about logistics	194
983	infix	erview-2	1349950
984	prefix	speci	1029476
985	prefix	IMG_20	7610423
986	prefix	kickoff-	8535084
987	path_fragment	服务/utils/out	8644410
988	infix	oadm	544088
989	prefix	device	3592980
990	infix	2107	9409695
991	prefix	asset	549273
992	path_fragment	accounting/packages/IMG	5092681
993	prefix	Archi	3042978
994	prefix	mig	5244696
995	prefix	asset	871552
996	semantic	handover timeline about package	3840
997	path_fragment	support/scripts/ass	3743843
998	infix	tingLed	9273527
999	infix	nance	3177866
1000	infix	xport_se	2213451
1001	semantic	system portrait about update	223
1002	prefix	secur	7219083
1003	infix	ctAudit.	6326290
1004	prefix	upd	9064441
1005	path_fragment	sales/images	4937682
1006	infix	-tra	3189942
1007	prefix	estimat	2432678
1008	prefix	sandb	5687774
1009	path_fragment	static/服务/han	3994130
1010	prefix	track	6892981
1011	path_fragment	misc/quarterly/IMG	7435189
1012	prefix	Pricing	2548914
1013	prefix	trac	236523
1014	prefix	cli	2781181
1015	path_fragment	engineering/inbox	7623463
1016	infix	fica	9226316
1017	semantic	testing research about staging	1523
1018	infix	3-07-07.	145040
1019	infix	efac	7510094
1020	infix	23101	2217320
1021	prefix	Kickof	2551675
1022	prefix	time	3205981
1023	infix	ch-month	6815977
1024	prefix	settin	9298451
1025	path_fragment	backend/operations	4046093
1026	infix	port	9587229
1027	semantic	version migration about session	507
1028	prefix	port	7079309
1029	path_fragment	src/tests	6559774
1030	prefix	config_	7250120
1031	semantic	sprint kickoff about archive	3663
1032	prefix	Planni	6168084
1033	infix	a_ren	5130228
1034	infix	568741.	4239936
1035	path_fragment	public/shared	4575221
1036	infix	2023-	3370121
1037	prefix	researc	7013269
1038	prefix	invoic	8240172
1039	path_fragment	archive/models/bui	270675
1040	semantic	pipeline security about system	3555
1041	prefix	shee	1918935
1042	path_fragment	2021/modules	2851267
1043	infix	20190409	6228681
1044	path_fragment	media/vendors/dat	6101269
1045	infix	022-05-	2871260
1046	prefix	hotf	2457694
1047	prefix	usa	3900236
1048	infix	type-	5873940
1049	prefix	usage-c	382149
1050	infix	out-i	3808382
1051	path_fragment	Documents/tools/ind	1803168
1052	infix	koffRe	7922812
1053	prefix	sprint-v	173098
1054	prefix	handof	7199951
1055	infix	ing-tes	3005311
1056	path_fragment	benchmarks/migrations	9295535
1057	prefix	IMG_2024	9687330
1058	semantic	draft render about quarterly	378
1059	prefix	reco	9495242
1060	path_fragment	Documents/products/rec	5474484
1061	infix	script-b	8280877
1062	prefix	scratch	3763360
1063	infix	376.	9755526
1064	path_fragment	2024/workspace/ven	9181073
1065	prefix	releas	4283520
1066	prefix	minutes	8595494
1067	prefix	networ	5334901
1068	infix	-2022-05	5678978
1069	semantic	planning upload about design	1053
1070	prefix	camp	8618330
1071	infix	e-re	1436951
1072	path_fragment	support/mobile/sam	2045658
1073	infix	file.	302955
1074	prefix	service	4102960
1075	infix	02-15	825079
1076	path_fragment	models/images	3454099
1077	prefix	servi	8477363
1078	semantic	project contract about render	3082
1079	prefix	sandbox	6303521
1080	infix	v9.m	8256770
1081	semantic	usage rollout about render	1793
1082	prefix	trans	3553996
1083	infix	-202	5638037
1084	prefix	image	5816764
1085	prefix	esti	6780926
1086	prefix	metric	4279291
1087	path_fragment	backend/2025	4566484
1088	path_fragment	static/utils/Ven	8622124
1089	infix	rch.z	5566380
1090	semantic	roadmap sync about resource	3761
1091	infix	0204	4891383
1092	infix	7.jp	9742871
1093	prefix	final-da	814407
1094	path_fragment	targets/reports/rel	4396551
1095	prefix	hotf	6422109
1096	infix	ersi	312886
1097	prefix	asse	9402777
1098	prefix	ledg	8904346
1099	path_fragment	Projects/products/Sur	3975313
1100	semantic	logistics staging about legacy	2144
1101	infix	ession-	6719798
1102	prefix	annual-	233461
1103	path_fragment	服务/migrations/tes	221608
1104	prefix	timeli	7590711
1105	path_fragment	Pictures/migrations/res	6848206
1106	prefix	video_p	2301968
1107	infix	06-22.	3421817
1108	prefix	respo	3576257
1109	infix	ice.jso	6632909
1110	prefix	storag	3838411
1111	infix	rtrait_h	5290417
1112	prefix	ref	7654406
1113	infix	ts.d	3922573
1114	path_fragment	workspace/packages	6723375
1115	prefix	IMG_202	2508260
1116	prefix	product	5150481
1117	semantic	device settings about internal	2175
1118	infix	_sandbox	31500
1119	path_fragment	Pictures/accounting	8851868
1120	prefix	Trackin	3792819
1121	infix	efactor-	7626281
1122	prefix	forecas	8058444
1123	path_fragment	accounting/modules/hea	8765995
1124	prefix	pipel	5390641
1125	semantic	sample onboarding about recording	520
1126	prefix	templa	3201038
1127	infix	Secur	6294464
1128	path_fragment	2024/migrations	6305224
1129	infix	respo	9791803
1130	prefix	sand	5711921
1131	prefix	outp	8478380
1132	prefix	scre	1167819
1133	prefix	versio	9914706
1134	infix	on_pipe	1859168
1135	infix	-09-0	3882584
1136	path_fragment	migrations/support	8662299
1137	infix	05-04.	4530641
1138	path_fragment	shared/デザイン/sta	1059457
1139	semantic	proposal schedule about diagram	1945
1140	prefix	IMG_2	666094
1141	infix	py 3).p	3385295
1142	prefix	pricing	4736552
1143	path_fragment	デザイン/デザイン	5293382
1144	prefix	respons	9180487
1145	infix	hop-	37018
1146	infix	esou	6034377
1147	semantic	resource presentation about meeting	263
1148	prefix	script-	5919708
1149	path_fragment	benchmarks/android/tes	7310289
1150	prefix	custo	8604070
1151	infix	final.	6644604
1152	prefix	IMG_20	1201527
1153	prefix	ann	924342
1154	infix	t.cs	2534769
1155	prefix	tim	7785664
1156	path_fragment	Music/benchmarks	5858268
1157	path_fragment	staging/服务	9529220
1158	infix	_hando	9371951
1159	semantic	report internal about monthly	754
1160	prefix	confi	5020147
1161	infix	eques	8454632
1162	prefix	sto	5795710
1163	infix	rity-m	9268929
1164	path_fragment	examples/personal	7239165
1165	prefix	upload-t	1057172
1166	prefix	IMG_202	5671987
1167	semantic	handoff onboarding about sync	710
1168	path_fragment	Pictures/src/est	5225113
1169	infix	21-07-	7451851
1170	prefix	clie	7395052
1171	prefix	trac	1237024
1172	semantic	audit tracking about payroll	3936
1173	infix	-esti	1455105
1174	infix	v4 (c	3131691
1175	path_fragment	accounting/scripts/sch	6393915
1176	infix	uct-	9262921
1177	prefix	cac	3847547
1178	path_fragment	clients/support	1881402
1179	prefix	meeting-	9563086
1180	path_fragment	styles/components/sta	3902680
1181	prefix	snaps	8547670
1182	infix	0190220	8317109
1183	infix	admap_	2444884
1184	prefix	resource	4830295
1185	semantic	upload restore about notes	705
1186	prefix	Head	5795539
1187	infix	rd-han	4195184
1188	path_fragment	staging/2020/wor	2799612
1189	prefix	scratch-	9395057
1190	semantic	legacy refactor about presentation	3328
1191	prefix	logis	4254759
1192	infix	x-profi	6067341
1193	prefix	proposa	9564187
1194	infix	p-campai	8212324
1195	infix	_2022050	1242658
1196	path_fragment	hr/sales/sch	5543032
1197	prefix	report	6556190
1198	path_fragment	resources/admin/pla	6150371
1199	prefix	usage-	2448689
1200	path_fragment	Videos/products	2221002
1201	infix	ting_	5108146
1202	infix	MG_20	1825716
1203	prefix	est	1429110
1204	prefix	setting	8898864
1205	prefix	notes-	9547588
1206	prefix	surv	6955606
1207	infix	vice-req	4084903
1208	semantic	pricing client about statement	1503
1209	path_fragment	Downloads/support/scr	9194793
1210	prefix	Planning	1520560
1211	prefix	esti	2424838
1212	path_fragment	products/media	7770227
1213	prefix	timeline	2073967
1214	infix	rtServer	6828851
1215	infix	rototy	8039540
1216	path_fragment	fixtures/reports	2301558
1217	infix	rtrait	7733244
1218	prefix	samp	7391476
1219	semantic	notes sheet about contract	2319
1220	prefix	service	5991799
1221	semantic	portrait strategy about customer	1901
1222	prefix	pro	2255545
1223	path_fragment	workspace/utils/dev	40491
1224	infix	1226_68	817772
1225	infix	ndor-da	5868181
1226	path_fragment	benchmarks/products/por	5348963
1227	prefix	networ	985986
1228	prefix	delive	4966769
1229	infix	MG_20	3232663
1230	prefix	system-p	7239350
1231	semantic	audit usage about profile	3645
1232	infix	rding.h	2801739
1233	path_fragment	archive/common	8004682
1234	infix	nt.xl	1322611
1235	prefix	heade	8204930
1236	infix	-2020-0	125560
1237	prefix	screens	9653997
1238	path_fragment	docs/common	2942920
1239	prefix	payroll-	7217977
1240	infix	sprint-	7949963
1241	prefix	inte	3804663
1242	infix	ngScr	155336
1243	prefix	sand	3141515
1244	path_fragment	Documents/backend/req	21282
1245	prefix	worksh	8534857
1246	semantic	product proposal about version	3327
1247	infix	_2019	9072188
1248	prefix	package	8909531
1249	path_fragment	Music/mobile/ver	8185197
1250	prefix	portrait	8921596
1251	infix	009_83	322221
1252	path_fragment	public/common/IMG	138084
1253	prefix	dashb	3619647
1254	prefix	diagra	460635
1255	semantic	index customer about survey	3453
1256	infix	2_592	928098
1257	infix	refr	9735487
1258	prefix	led	9963453
1259	path_fragment	workspace/packages/mig	9158981
1260	prefix	IMG_2	8148007
1261	path_fragment	quarterly/sales/Sta	413123
1262	prefix	product-	1357735
1263	semantic	roadmap review about screenshot	3876
1264	prefix	tracki	1666149
1265	infix	ly.do	8987745
1266	path_fragment	benchmarks/infra	2757303
1267	prefix	con	6119227
1268	infix	t-index	219213
1269	infix	ort-fina	9752772
1270	path_fragment	core/2023	5098187
1271	prefix	draf	8450284
1272	semantic	wireframe meeting about proposal	3322
1273	infix	-audi	5423469
1274	path_fragment	Downloads/modules	6692064
1275	infix	te-inte	8543489
1276	prefix	overv	5113872
1277	prefix	sync-v9	8155879
1278	prefix	IMG_202	5809997
1279	infix	-v6.mp	8171303
1280	prefix	Scratch	3773600
1281	prefix	dashboar	3397461
1282	semantic	script onboarding about backup	315
1283	prefix	hand	7754094
1284	path_fragment	Pictures/android	8956422
1285	infix	imeline-	5733450
1286	prefix	IMG_2	5162447
1287	path_fragment	2020/products/pri	1875396
1288	infix	-202	8614944
1289	infix	d-pipeli	965976
1290	path_fragment	images/resources/Rec	7634504
1291	prefix	budge	5217137
1292	infix	291.p	3421721
1293	prefix	license-	226774
1294	semantic	payroll license about pipeline	494
1295	infix	t-me	1197184
1296	infix	-06-1	479281
1297	path_fragment	photos/models/ind	1787158
1298	prefix	version-	8531581
1299	prefix	prof	4466241
1300	prefix	contrac	3920721
1301	infix	-v8.pn	9757751
1302	semantic	script internal about sheet	3140
1303	prefix	vers	9152101
1304	infix	stimateV	6553139
1305	prefix	sket	7319568
1306	path_fragment	Projects/migrations	3543205
1307	infix	ch-esti	7027500
1308	path_fragment	engineering/2021/imp	4516112
1309	prefix	sync-202	8346154
1310	path_fragment	Music/utils	8096794
1311	prefix	minu	1033670
1312	infix	hive-pi	5348743
1313	path_fragment	2023/marketing	5336365
1314	prefix	workfl	5035875
1315	prefix	IMG_2	8143669
1316	semantic	migration campaign about assets	2441
1317	infix	26-09-2	244323
1318	infix	omer-	8291271
1319	prefix	IMG_201	1259246
1320	path_fragment	photos/inbox	6003210
1321	prefix	del	3689802
1322	semantic	security estimate about legacy	2714
1323	infix	_36279	4464800
1324	prefix	patch-re	160799
1325	prefix	product	8543168
1326	prefix	campa	5792752
1327	path_fragment	utils/operations	5075861
1328	infix	pport.	8716293
1329	infix	MG_20	2272229
1330	prefix	dra	8966618
1331	semantic	planning onboarding about client	3107
1332	prefix	LayoutR	3118014
1333	prefix	testin	8085875
1334	prefix	IMG_2019	7691975
1335	infix	ad-scr	5910401
1336	infix	 (cop	6618438
1337	infix	ototype	2591118
1338	path_fragment	shared/migrations/pro	1548465
1339	path_fragment	lib/quarterly/log	1255988
1340	infix	rkflow	5555167
1341	path_fragment	shared/platform/sta	6546516
1342	prefix	screensh	9974782
1343	prefix	hand	6579958
1344	semantic	proposal proposal about customer	3942
1345	prefix	migrati	5842712
1346	path_fragment	resources/2020	10201
1347	infix	estore.	9161100
1348	infix	-06-03.	3067560
1349	prefix	version-	8708483
1350	infix	ngCl	8679638
1351	prefix	IMG	1901965
1352	prefix	client	4660265
1353	semantic	migration notes about header	3512
1354	path_fragment	team/research/por	1709737
1355	infix	oduct.p	4967303
1356	prefix	worksho	3704783
1357	path_fragment	lib/2022/not	7809577
1358	infix	off-v1.	2403995
1359	prefix	strat	1202026
1360	path_fragment	Videos/core/pol	5777257
1361	infix	3030	8439747
1362	prefix	survey-v	6229862
1363	prefix	release	6716893
1364	prefix	license_	9881221
1365	infix	G_2024	1215079
1366	path_fragment	Documents/targets/con	6517672
1367	infix	dex.	2610543
1368	prefix	syst	2866783
1369	semantic	transcript annual about campaign	1250
1370	prefix	IMG_	3055124
1371	path_fragment	vendors/misc	46978
1372	semantic	summary network about resource	2934
1373	path_fragment	quarterly/public/IMG	5922890
1374	infix	25_5	8661250
1375	infix	eet-wi	6725390
1376	infix	dMetri	3889565
1377	prefix	rollou	8292881
1378	prefix	refacto	9880212
1379	prefix	IMG_2	3558300
1380	prefix	staging	5081361
1381	path_fragment	2023/models/bud	2391941
1382	prefix	ref	6860868
1383	semantic	layout testing about assets	1364
1384	infix	ation-s	7145290
1385	prefix	plan	461720
1386	infix	rview_	5092001
1387	infix	t_roll	2502997
1388	path_fragment	customers/2022	8009309
1389	prefix	IMG	9480637
1390	infix	re-2024	5071977
1391	path_fragment	Music/migrations/arc	4595034
1392	prefix	ledger-	8932178
1393	semantic	delivery testing about planning	955
1394	path_fragment	images/clients/IMG	9302522
1395	prefix	propo	3241350
1396	infix	ild-su	6973601
1397	prefix	IMG_20	9998326
1398	infix	-transf	2841103
1399	prefix	client-	714854
1400	infix	y-v9	6502037
1401	prefix	backu	8080700
1402	prefix	audit-v	5735634
1403	prefix	manife	4239448
1404	infix	rch-pres	1819696
1405	semantic	system export about meeting	4067
1406	path_fragment	2020/inbox	1481206
1407	prefix	tim	3330198
1408	path_fragment	2024/docs/IMG	371776
1409	infix	ne-2025-	6490034
1410	infix	sage	5288856
1411	infix	work.yam	2493951
1412	semantic	sprint response about policy	3691
1413	prefix	header	6895072
1414	prefix	scra	8877648
1415	prefix	revi	3117171
1416	path_fragment	marketing/static/Lay	3212679
1417	prefix	Settings	4606376
1418	infix	otype	6632185
1419	path_fragment	packages/quarterly	4748902
1420	prefix	IMG_2025	8424484
1421	infix	andover-	2878609
1422	prefix	netw	8773837
1423	infix	nse_m	9768166
1424	prefix	scri	679510
1425	infix	teme	9809718
1426	prefix	timeline	6900701
1427	path_fragment	Documents/workspace/pat	5927721
1428	semantic	release handover about staging	2447
1429	path_fragment	2024/common/sch	1961590
1430	path_fragment	archive/images/IMG	4157712
1431	semantic	workflow network about sprint	1152
1432	infix	-migrat	107189
1433	prefix	IMG_202	7397969
1434	path_fragment	support/examples	9665420
1435	infix	2022	1016081
1436	infix	sion-v5.	9051339
1437	prefix	speci	5761285
1438	prefix	IMG	8730354
1439	prefix	archi	2447704
1440	path_fragment	shared/outbox/sec	6346919
1441	prefix	IMG_20	3849837
1442	infix	livery.t	9278507
1443	infix	023-	3627918
1444	path_fragment	imports/public	6707230
1445	prefix	vend	5054481
1446	prefix	Snapsh	8042148
1447	infix	4-21.	4598049
1448	prefix	payroll	7689269
1449	semantic	statement summary about restore	1404
1450	infix	ly_sessi	8712657
1451	path_fragment	utils/marketing	2431035
1452	infix	e-2024-	4312005
1453	path_fragment	archive/modules/ren	1806524
1454	prefix	IMG	8514643
1455	infix	rait-eng	1486157
1456	semantic	restore vendor about testing	3678
1457	prefix	Respon	348945
1458	prefix	version-	2786016
1459	prefix	resea	2015069
1460	prefix	con	8137949
1461	infix	e-201	6999058
1462	prefix	sync-	826239
1463	path_fragment	Documents/2024/Mon	5366956
1464	prefix	IMG_2	3215204
1465	prefix	proposa	2871621
1466	semantic	image sandbox about draft	728
1467	path_fragment	shared/2024/aud	479820
1468	infix	e-upload	5313157
1469	infix	cratc	2536750
1470	semantic	upload overview about monthly	3830
1471	prefix	sketch-2	7830959
1472	infix	-10-04	7457354
1473	prefix	portr	6465356
1474	prefix	hot	844067
1475	path_fragment	hr/platform	3624941
1476	path_fragment	imports/examples/roa	738414
1477	infix	ampl	2590985
1478	infix	25-02-2	5528508
1479	prefix	revi	1915940
1480	infix	ender-v4	1663064
1481	infix	021-	8806941
1482	prefix	speci	1133394
1483	prefix	sheet	6153656
1484	path_fragment	sales/2024	2405661
1485	semantic	staging quarterly about logistics	570
1486	path_fragment	static/2020/IMG	644436
1487	prefix	pres	6739829
1488	prefix	sch	6514818
1489	infix	ortrait	3796530
1490	path_fragment	team/personal/tes	5527254
1491	prefix	month	4837911
1492	infix	ickoff-	8640363
1493	prefix	campa	545892
1494	infix	2021-	3226236
1495	path_fragment	Projects/infra	7848503
1496	infix	agram.	6639493
1497	prefix	hotfix-	9296946
1498	prefix	rele	3480140
1499	semantic	campaign overview about statement	1444
1500	prefix	policy_r	8415732
1501	path_fragment	outbox/exports	2800730
1502	semantic	server kickoff about product	3945
1503	prefix	vend	9736362
1504	path_fragment	photos/workspace	1221948
1505	infix	oadmap_s	7106308
1506	prefix	version	501394
1507	infix	orage.	8271242
1508	prefix	monthl	5036179
1509	infix	ject-	2912759
1510	infix	icy-2022	1344267
1511	prefix	ses	4969514
1512	path_fragment	デザイン/modules/ser	418492
1513	infix	ice-sc	4411688
1514	semantic	proposal strategy about notes	1286
1515	path_fragment	scripts/デザイン	6947485
1516	prefix	overvi	2451389
1517	prefix	rece	3602735
1518	prefix	migr	6701149
1519	infix	076.tx	3239427
1520	infix	paign-v2	509997
1521	infix	k-contr	4849680
1522	path_fragment	accounting/benchmarks/mee	5184216
1523	prefix	IMG_202	5881225
1524	prefix	rece	8270029
1525	prefix	pro	5178837
1526	path_fragment	Videos/reports	1615413
1527	infix	v8 (cop	6340708
1528	semantic	system recording about payroll	2945
1529	prefix	mockup	2208361
1530	prefix	minutes	4268204
1531	path_fragment	sales/docs/pay	171161
1532	semantic	system manifest about response	1352
1533	prefix	IMG_	9455928
1534	infix	espo	2900737
1535	prefix	confi	2857502
1536	prefix	payroll-	1146803
1537	path_fragment	shared/photos/IMG	1950566
1538	infix	ecuri	5293365
1539	infix	2_207	6633065
1540	path_fragment	legal/common/sys	4156197
1541	path_fragment	Videos/backend/moc	570569
1542	prefix	system	2503609
1543	prefix	man	8190922
1544	prefix	meeti	1701490
1545	prefix	shee	9764643
1546	infix	edule.jp	9824882
1547	infix	ff-p	9180339
1548	infix	ource-v	7045961
1549	semantic	system schema about export	2457
1550	semantic	render scratch about monthly	260
1551	infix	ckof	3663097
1552	prefix	output	1404323
1553	prefix	server	7936329
1554	prefix	transfer	6178891
1555	infix	ogist	491202
1556	infix	ceNet	7559294
1557	path_fragment	imports/models	2816128
1558	path_fragment	Desktop/hr/dia	2938396
1559	prefix	han	738076
1560	path_fragment	shared/mobile/cac	938946
1561	prefix	min	4308959
1562	infix	llLeg	4576676
1563	prefix	IMG_201	2045755
1564	path_fragment	Downloads/mobile	7722576
1565	semantic	design export about estimate	1444
1566	prefix	rev	682859
1567	infix	py 2).	9963359
1568	prefix	desig	7107542
1569	infix	dover-2	9400342
1570	path_fragment	targets/modules	9180577
1571	infix	type-20	4238030
1572	semantic	prototype update about refactor	3352
1573	prefix	IMG_	2558691
1574	prefix	IMG_20	4036231
1575	path_fragment	mobile/public	7647392
1576	infix	stim	8200586
1577	prefix	fin	8441315
1578	infix	ocku	4367597
1579	prefix	prototy	667701
1580	infix	fest	344514
1581	prefix	staging	1496625
1582	infix	rd-o	444091
1583	path_fragment	2022/styles	136742
1584	prefix	draft	6716554
1585	prefix	networ	5346013
1586	prefix	Scra	9609628
1587	semantic	specification estimate about wireframe	3580
1588	infix	mate-pr	1943986
1589	path_fragment	examples/android/Kic	1519784
1590	prefix	IMG_	4505690
1591	infix	tem-usag	1991009
1592	prefix	devic	6316002
1593	path_fragment	platform/2021	4800819
1594	path_fragment	Music/tools/IMG	6588669
1595	prefix	upload-	4457580
1596	semantic	sheet finance about ledger	1066
1597	prefix	IMG_2025	8018368
1598	infix	ickoff	7168834
1599	infix	Diagram	5772092
1600	prefix	time	22990
1601	prefix	RolloutS	4132978
1602	prefix	minute	266710
1603	infix	-2023-0	7593109
1604	path_fragment	styles/targets	909367
1605	infix	rt-prici	4393580
1606	path_fragment	2026/examples/IMG	6605657
1607	infix	01901	8143504
1608	prefix	portra	1902360
1609	semantic	specification sample about portrait	3884
1610	prefix	annua	1616131
1611	infix	imate-tr	4630487
1612	semantic	engine planning about wireframe	733
1613	prefix	IMG_20	276877
1614	path_fragment	Projects/lib	5170836
1615	infix	annual	9121028
1616	infix	vice	2214550
1617	prefix	sandb	1773603
1618	prefix	pip	6256866
1619	path_fragment	modules/operations	9782143
1620	prefix	sync-	7497311
1621	infix	age-as	466757
1622	infix	019-12-0	2025648
1623	infix	240923	4864289
1624	prefix	IMG_	3522304
1625	path_fragment	frontend/common/spe	1290404
1626	prefix	IMG_202	6997459
1627	path_fragment	utils/examples	9501224
1628	semantic	license migration about schema	3058
1629	prefix	pipeline	3721869
1630	semantic	campaign schema about manifest	4004
1631	infix	20221005	4984175
1632	prefix	IMG_2019	6605810
1633	prefix	pro	8532240
1634	prefix	Onbo	292624
1635	path_fragment	2025/imports/ima	2103834
1636	infix	ideo-202	6986323
1637	prefix	server-	4052618
1638	path_fragment	styles/デザイン	9610176
1639	infix	udget.x	9851581
1640	prefix	Packag	6166588
1641	prefix	layout-v	3770119
1642	path_fragment	core/2025/Inv	4961935
1643	path_fragment	デザイン/marketing/sys	615550
1644	prefix	Test	5857349
1645	infix	port.jp	9167153
1646	semantic	wireframe network about archive	3023
1647	prefix	ledger-s	757551
1648	infix	-v6 (co	4821914
1649	infix	onse-	2612862
1650	infix	e-202	9902180
1651	prefix	sch	2635629
1652	prefix	inter	849940
1653	path_fragment	Downloads/accounting	9525690
1654	prefix	Releas	3234646
1655	path_fragment	Music/support/ima	6868775
1656	prefix	IMG_	7370647
1657	infix	ortrait-	8470601
1658	semantic	rollout wireframe about vendor	2558
1659	infix	08_102	4504820
1660	prefix	budg	3034108
1661	infix	t-v6.	8297539
1662	infix	ndor-ro	1151032
1663	prefix	Schema	4072
1664	path_fragment	backend/accounting/wor	7862524
1665	prefix	plan	1685789
1666	infix	k-20	9403536
1667	path_fragment	Videos/common	3115269
1668	semantic	invoice snapshot about config	791
1669	prefix	profile-	373476
1670	semantic	forecast resource about response	1344
1671	path_fragment	inbox/engineering/IMG	5270156
1672	infix	eting-	3632482
1673	infix	isti	6813522
1674	prefix	import-r	7200869
1675	prefix	planni	9759815
1676	path_fragment	2022/media/tim	5999872
1677	prefix	financ	777242
1678	prefix	respo	3841217
1679	infix	gist	6118430
1680	infix	ine_engi	6450525
1681	prefix	rel	5445545
1682	infix	nal-	1590337
1683	prefix	resour	1331530
1684	prefix	Layout	2676759
1685	infix	rchive-m	7696405
1686	path_fragment	Pictures/frontend	7291994
1687	path_fragment	Downloads/服务/fin	5554945
1688	semantic	ledger source about review	2287
1689	prefix	campai	6571842
1690	infix	llout-	6180752
1691	path_fragment	mobile/reports/inv	4115735
1692	prefix	vend	8535688
1693	semantic	source layout about schema	2721
1694	path_fragment	vendors/android/ven	5395522
1695	infix	gram	1839854
1696	infix	91597	6183856
1697	prefix	policy-v	1102513
1698	prefix	rende	1161353
1699	prefix	request	3976025
1700	prefix	mig	8413111
1701	infix	tSnapsho	724461
1702	prefix	budget_p	8938737
1703	semantic	upload metrics about internal	2173
1704	path_fragment	clients/服务	1987101
1705	path_fragment	misc/api	9390318
1706	infix	ma.j	9465602
1707	prefix	custo	7631410
1708	infix	eeting-m	9463517
1709	prefix	policy_p	299987
1710	infix	esou	9470000
1711	semantic	wireframe output about forecast	2494
1712	prefix	render-f	1060250
1713	infix	ion.	1498880
1714	path_fragment	styles/core/Del	3560350
1715	path_fragment	accounting/tests/qua	1702855
1716	prefix	device	692424
1717	prefix	rel	8559364
1718	infix	20707_49	202016
1719	prefix	policy-	1297853
1720	prefix	index	9519198
1721	prefix	sch	1711115
1722	semantic	sandbox system about schedule	141
1723	path_fragment	quarterly/support/sec	4110014
1724	prefix	IMG_202	2806259
1725	infix	igration	7037150
1726	prefix	forec	1047578
1727	infix	260415_	6230157
1728	infix	eipt	4230169
1729	path_fragment	misc/shared	1366176
1730	prefix	budg	1645470
1731	infix	roto	9735962
1732	infix	Roadma	1495030
1733	infix	quart	8757293
1734	path_fragment	public/api/sur	9543850
1735	semantic	hotfix dashboard about estimate	335
1736	prefix	dia	9287684
1737	prefix	notes-	4374415
1738	path_fragment	Documents/exports/sch	138677
1739	prefix	tran	2175840
1740	prefix	Sandbox	5101021
1741	prefix	sch	397515
1742	path_fragment	infra/archive	2317537
1743	infix	ollout-	6828255
1744	prefix	assets	7709022
1745	infix	script	1205471
1746	path_fragment	platform/accounting	6332590
1747	prefix	manifest	7145795
1748	infix	vey-v4.t	4930208
1749	semantic	layout system about monthly	4089
1750	prefix	policy-v	8959650
1751	prefix	snapshot	3311126
1752	infix	200522	8277863
1753	infix	cense-2	7294645
1754	prefix	protot	9379965
1755	semantic	proposal project about product	3349
1756	path_fragment	tools/components/del	9705744
1757	path_fragment	docs/images/rev	6361130
1758	prefix	layo	1357193
1759	infix	ctRel	7030371
1760	prefix	tem	4286829
1761	prefix	response	9889313
1762	semantic	vendor monthly about legacy	1606
1763	path_fragment	utils/api	579494
1764	infix	nse.j	9226706
1765	infix	d-2023-0	3932247
1766	path_fragment	2025/packages	5258454
1767	prefix	pricin	9390901
1768	prefix	fin	186573
1769	infix	022-06	8191131
1770	prefix	payrol	4393384
1771	path_fragment	benchmarks/archive	2938991
1772	path_fragment	targets/common	1640847
1773	infix	ript-v4	7744249
1774	prefix	IMG_202	9570653
1775	prefix	IMG_2019	6259827
1776	infix	file	1083466
1777	semantic	sample output about overview	947
1778	infix	reframe	9021736
1779	prefix	das	6096309
1780	path_fragment	mobile/fixtures	250392
1781	infix	-2020-08	471142
1782	infix	age_s	9369213
1783	infix	04-17.	477758
1784	prefix	Ven	5704238
1785	path_fragment	2021/2025/Res	3947937
1786	prefix	review-2	5921676
1787	semantic	session cache about sample	3502
1788	prefix	stagi	707730
1789	prefix	cust	4081768
1790	prefix	timeli	4009604
1791	infix	ning.tx	8204868
1792	prefix	patc	7852569
1793	path_fragment	common/hr/mee	2631445
1794	semantic	ledger contract about package	438
1795	path_fragment	imports/misc	6399673
1796	infix	rding_r	4453793
1797	infix	se-buil	781312
1798	prefix	wirefram	160646
1799	prefix	IMG_202	6696281
1800	infix	rkshop.j	654941
1801	semantic	device forecast about support	2003
1802	prefix	syste	8914010
1803	infix	rce-cach	8726318
1804	prefix	repo	6272516
1805	path_fragment	2021/2023/Log	9909359
1806	infix	box-poli	1023854
1807	prefix	archiv	3043224
1808	path_fragment	Pictures/utils/man	9764428
1809	prefix	deli	4936472
1810	path_fragment	shared/static	7903059
1811	prefix	IMG_20	9221790
1812	infix	stem	8267724
1813	infix	cing.to	5679096
1814	path_fragment	outbox/服务/fin	5429209
1815	semantic	refactor research about resource	3179
1816	prefix	archive	9520795
1817	infix	ngs-	6631814
1818	prefix	minute	6327205
1819	prefix	archiv	1172145
1820	prefix	legacy-	5513241
1821	prefix	sess	891166
1822	prefix	layout	9401625
1823	prefix	onbo	660760
1824	infix	fix-upl	3095523
1825	infix	viceRece	837471
1826	path_fragment	team/inbox/res	9091516
1827	semantic	response notes about usage	131
1828	infix	ecific	119396
1829	path_fragment	targets/products/por	5244630
1830	prefix	updat	1448937
1831	semantic	version system about render	3043
1832	prefix	poli	4620027
1833	prefix	sync-20	591698
1834	infix	urvey.pp	5166697
1835	prefix	for	7633254
1836	path_fragment	Downloads/operations/pro	701263
1837	infix	ch-v7.	8057110
1838	infix	ource_i	9180205
1839	path_fragment	exports/clients/syn	4793659
1840	semantic	contract metrics about transfer	2676
1841	prefix	planning	256472
1842	prefix	support-	8916278
1843	infix	-patch.	1944996
1844	path_fragment	inbox/lib/pri	1164752
1845	path_fragment	Videos/misc	7407604
1846	prefix	IMG_2026	6353355
1847	infix	rototy	3753529
1848	prefix	sync_p	2437681
1849	infix	earch-v	3638236
1850	prefix	back	9547507
1851	infix	hema.p	9913512
1852	prefix	recor	5572737
1853	semantic	finance workshop about template	4051
1854	prefix	meeting-	4990869
1855	prefix	legac	2425988
1856	infix	0-04-	3689508
1857	path_fragment	inbox/legal	5019005
1858	infix	ew-20	5559357
1859	path_fragment	shared/src	8042590
1860	path_fragment	marketing/backend	6120601
1861	prefix	scr	5085187
1862	infix	nse_shee	3359129
1863	prefix	vendor-2	7469167
1864	path_fragment	docs/styles/cli	9182567
1865	infix	reframe-	6956298
1866	infix	Scratch	8984243
1867	prefix	shee	1614455
1868	prefix	IMG_	4928675
1869	semantic	handover manifest about legacy	3090
1870	infix	Invoic	3722651
1871	prefix	service	1067980
1872	prefix	tim	4689440
1873	path_fragment	Documents/服务/bui	2418768
1874	infix	le-no	394567
1875	infix	opy 2).	8878712
1876	path_fragment	android/docs	3916120
1877	semantic	screenshot license about manifest	1418
1878	prefix	present	5891295
1879	prefix	invoice_	3823292
1880	prefix	quart	4435319
1881	prefix	notes-	5669110
1882	path_fragment	웹/examples	1803495
1883	path_fragment	customers/reports	5639663
1884	infix	-pol	1286973
1885	prefix	dashb	1447963
1886	prefix	build-so	4677450
1887	semantic	build wireframe about render	3655
1888	infix	int-	1083033
1889	infix	acking_	698844
1890	prefix	pro	8478708
1891	prefix	overvie	6006988
1892	semantic	backup usage about meeting	661
1893	infix	hLed	5943280
1894	infix	ndof	4017318
1895	path_fragment	clients/platform/Mon	5127108
1896	prefix	export-s	4774889
1897	prefix	output-	1372508
1898	infix	0.htm	8320460
1899	path_fragment	Downloads/media/han	9259402
1900	prefix	IMG	2232998
1901	infix	rtDevic	9872720
1902	path_fragment	customers/hr/IMG	2592314
1903	prefix	mee	2659198
1904	infix	enseTe	9935343
1905	prefix	IMG_2	8984079
1906	infix	udget	6058006
1907	semantic	planning audit about annual	1652
1908	path_fragment	2019/服务	9174175
1909	prefix	con	7880068
1910	path_fragment	Documents/sales/vid	1753596
1911	prefix	resea	4218295
1912	prefix	engine	3575414
1913	prefix	schedul	8277352
1914	infix	061692.	6529256
1915	semantic	minutes overview about storage	1610
1916	prefix	IMG_2019	8267555
1917	path_fragment	hr/utils	5213073
1918	infix	1-02-	9585855
1919	infix	-2023	6896453
1920	path_fragment	targets/デザイン/scr	5814061
1921	infix	e-legacy	7893120
1922	prefix	roll	4703307
1923	infix	MG_20260	7461455
1924	prefix	resourc	2154855
1925	semantic	summary logistics about prototype	3100
1926	prefix	onboardi	2822756
1927	prefix	migrati	840507
1928	infix	3-12-10	4380358
1929	path_fragment	lib/accounting	2393777
1930	semantic	survey kickoff about data	1429
1931	path_fragment	2021/scripts	111095
1932	path_fragment	benchmarks/marketing	208796
1933	prefix	handov	2528101
1934	prefix	IMG_2019	2411678
1935	prefix	assets-	9510250
1936	infix	2019	3283026
1937	infix	7-18.zi	5500847
1938	prefix	dashb	9875897
1939	infix	ramClie	6424286
1940	infix	ashboard	7392967
1941	infix	or-an	2960471
1942	infix	381365.	7764801
1943	prefix	onboard	4827052
1944	path_fragment	public/clients	9139745
1945	semantic	product release about sync	399
1946	prefix	overvi	4281688
1947	path_fragment	photos/2024/led	7665182
1948	prefix	migr	1962422
1949	prefix	wirefra	1331673
1950	prefix	IMG_20	1537273
1951	prefix	design-v	2098596
1952	path_fragment	public/tools/bud	1429555
1953	path_fragment	infra/2025	8937663
1954	infix	oposalMa	7605577
1955	prefix	templ	1777608
1956	infix	ram-2020	8555209
1957	semantic	pricing update about hotfix	195
1958	prefix	service	4861450
1959	infix	MG_20210	9995408
1960	prefix	scri	6506480
1961	infix	ch-rel	8094438
1962	path_fragment	imports/misc	3174687
1963	infix	on-20	9330557
1964	path_fragment	admin/api/sna	8756933
1965	infix	esourc	8165510
1966	prefix	profile-	2298597
1967	prefix	IMG_2	5864277
1968	prefix	vendo	7053014
1969	semantic	notes specification about presentation	1563
1970	infix	dule-	3778022
1971	prefix	Scre	8782000
1972	prefix	Wirefram	3432647
1973	path_fragment	workspace/components/ann	4275419
1974	infix	_work	7490259
1975	semantic	internal dashboard about report	2419
1976	prefix	out	5321024
1977	prefix	pro	9548412
1978	path_fragment	misc/android	5310796
1979	infix	output.j	8218989
1980	prefix	overvie	9912317
1981	infix	6.xl	8171823
1982	path_fragment	misc/웹/sta	8127119
1983	prefix	review-q	3349305
1984	prefix	resear	6533846
1985	semantic	snapshot statement about sketch	1666
1986	infix	rkshop-v	5431137
1987	infix	ternal	7442540
1988	prefix	overview	5296373
1989	path_fragment	static/scripts/IMG	1793665
1990	infix	ast-di	9437834
1991	infix	ecording	6028886
1992	prefix	plan	954175
1993	infix	sionSk	4472957
1994	semantic	campaign workshop about forecast	298
1995	prefix	schema-	1791053
1996	path_fragment	Documents/benchmarks	4940154
1997	prefix	audit-	7940903
1998	path_fragment	public/personal	7643005
1999	prefix	sketch-m	5634429
2000	path_fragment	Projects/models/sch	2030300
2001	path_fragment	Desktop/quarterly	5532720
2002	infix	-outpu	7172834
2003	infix	g-cache	1083716
2004	prefix	backup_p	3704107
2005	semantic	header source about campaign	2998
2006	prefix	lay	3514092
2007	prefix	dev	6698965
2008	prefix	time	8254192
2009	infix	ect_inv	8738572
2010	path_fragment	resources/imports	6591279
2011	infix	peli	8468328
2012	prefix	worksho	4727832
2013	infix	legac	3070356
2014	prefix	diagra	9327294
2015	semantic	scratch output about sample	1407
2016	path_fragment	marketing/misc	1496605
2017	infix	_reques	7242341
2018	prefix	DeviceLa	5588138
2019	prefix	report-	6203722
2020	infix	rofi	1793256
2021	path_fragment	team/outbox	6117678
2022	path_fragment	2019/tests	5467608
2023	prefix	respon	1736807
2024	semantic	settings testing about script	1544
2025	prefix	sou	6507022
2026	infix	rdin	2928639
2027	prefix	design	4446604
2028	infix	-prod	8615918
2029	prefix	budget-	4515221
2030	path_fragment	scripts/inbox/wor	9288723
2031	infix	124_32	9985871
2032	infix	G_202612	188373
2033	infix	or-s	694447
2034	path_fragment	tools/models	929058
2035	prefix	index-	6608495
2036	semantic	version project about testing	2626
2037	prefix	diagr	6690283
2038	prefix	Fore	6161904
2039	prefix	surve	3770994
2040	infix	enshotPo	6817186
2041	semantic	internal update about layout	3261
2042	path_fragment	accounting/mobile	9969595
2043	prefix	campa	6987026
2044	prefix	Propo	4728177
2045	path_fragment	team/2022	141879
2046	prefix	client-	2605996
2047	infix	00825_8	635484
2048	prefix	Contract	292253
2049	infix	ion-	9609689
2050	path_fragment	staging/2023/lic	6233730
2051	prefix	Sys	3732239
2052	prefix	package-	3437310
2053	prefix	sett	4717872
2054	path_fragment	reports/デザイン	1057116
2055	infix	e-timel	1357296
2056	semantic	sheet import about strategy	10
2057	prefix	pric	6987471
2058	infix	-rese	8229454
2059	infix	budget.p	2804069
2060	prefix	versi	949408
2061	infix	_clie	621429
2062	infix	ntern	4313588
2063	prefix	ser	9717808
2064	path_fragment	Downloads/admin/led	6960042
2065	prefix	schem	8052139
2066	semantic	script receipt about schema	1693
2067	infix	invoic	2384202
2068	path_fragment	2021/staging/cam	9177152
2069	prefix	interna	5627481
2070	path_fragment	personal/utils	7629752
2071	prefix	workflow	2175756
2072	prefix	diagram	2762589
2073	prefix	system	896318
2074	semantic	quarterly metrics about logistics	1503
2075	infix	tation	6679261
2076	path_fragment	public/modules	2616828
2077	infix	udget-s	5778759
2078	prefix	sur	8800994
2079	infix	5594.	4262999
2080	prefix	IMG_2	4429528
2081	prefix	IMG	8139205
2082	prefix	patch-v5	3457867
2083	infix	ecast	4602609
2084	infix	patch	7831897
2085	prefix	IMG_2021	6599858
2086	path_fragment	hr/quarterly	3347702
2087	infix	overShe	3772296
2088	semantic	service invoice about onboarding	3216
2089	path_fragment	photos/vendors	9461300
2090	prefix	resear	5043751
2091	path_fragment	src/styles	8346777
2092	semantic	license design about receipt	3627
2093	prefix	rel	4933729
2094	infix	sOutput.	9537007
2095	path_fragment	Pictures/images/log	4385387
2096	infix	65025.pd	5030069
2097	infix	nse-serv	8761217
2098	prefix	proto	746130
2099	prefix	fin	2675240
2100	semantic	update network about handoff	534
2101	path_fragment	media/lib	2217852
2102	infix	724_6598	3567970
2103	infix	_metrics	6192983
2104	prefix	backup-	2916836
2105	prefix	impor	3179574
2106	prefix	Cam	1543100
2107	infix	24-0	8285344
2108	path_fragment	2023/benchmarks/pro	3126696
2109	prefix	transfer	1848410
2110	infix	26-0	9071396
2111	path_fragment	Pictures/clients	2737503
2112	path_fragment	shared/archive	6358303
2113	prefix	IMG_	3452734
2114	prefix	build-v8	3516317
2115	semantic	portrait tracking about engine	2216
2116	infix	ing_expo	7884416
2117	prefix	client	3328282
2118	infix	2026-06	7638893
2119	prefix	pla	6631852
2120	path_fragment	lib/media/man	8944713
2121	infix	482.p	6393848
2122	prefix	rec	735836
2123	prefix	custo	9848025
2124	semantic	sample invoice about manifest	975
2125	infix	t-uploa	8648008
2126	prefix	hando	5748926
2127	prefix	support-	8194838
2128	path_fragment	2024/resources	9020450
2129	infix	esource.	1382127
2130	infix	-scratc	9218341
2131	semantic	data request about diagram	1766
2132	path_fragment	exports/デザイン/IMG	4839388
2133	prefix	transfer	946458
2134	prefix	scr	180461
2135	prefix	outpu	466100
2136	infix	019-	7331416
2137	infix	koff.	1782989
2138	prefix	pricing	6868871
2139	path_fragment	core/public/moc	1881
2140	semantic	session storage about annual	1131
2141	path_fragment	utils/personal/con	1692759
2142	infix	19-09-	9311362
2143	path_fragment	support/2020/sys	513476
2144	prefix	arc	9301982
2145	prefix	legacy-2	4855615
2146	infix	temen	3247507
2147	prefix	suppo	5364339
2148	infix	323_067	5376891
2149	prefix	pol	6427010
2150	prefix	revie	6680879
2151	path_fragment	reports/mobile	1165127
2152	infix	t-2023-	5528137
2153	prefix	draft-v	4572113
2154	path_fragment	Downloads/2020/scr	4833248
2155	prefix	arc	4808566
2156	semantic	project sync about budget	727
2157	prefix	del	5290329
2158	infix	very-d	856990
2159	infix	9-04	4550505
2160	infix	cript_re	7076472
2161	semantic	receipt screenshot about customer	1057
2162	prefix	stag	4461679
2163	infix	er-2	6385866
2164	prefix	TestingR	4989355
2165	prefix	statem	2791110
2166	path_fragment	clients/clients/sys	3463038
2167	infix	out-v4.	40584
2168	prefix	rec	172234
2169	path_fragment	vendors/common/pro	8521613
2170	path_fragment	components/models	4103010
2171	prefix	supp	521127
2172	infix	ponse.r	6172578
2173	semantic	storage quarterly about layout	2293
2174	infix	25-12-18	5316393
2175	prefix	sourc	3955369
2176	prefix	hotfi	7588603
2177	infix	d-sandb	7981856
2178	path_fragment	staging/backend/ske	8113128
2179	prefix	patch-	2694196
2180	prefix	esti	530978
2181	infix	board-e	7184276
2182	path_fragment	quarterly/images	7348669
2183	path_fragment	api/mobile/dia	4681873
2184	prefix	Sandbox	373524
2185	prefix	video-v5	9839714
2186	infix	nal-v2	264765
2187	semantic	roadmap patch about archive	2454
2188	prefix	annu	9238847
2189	infix	nshot.	5983852
2190	semantic	roadmap sample about report	505
2191	infix	rt-lo	1794452
2192	path_fragment	static/staging/scr	3253771
2193	infix	ramLa	7210857
2194	prefix	securi	1493813
2195	prefix	network_	5744858
2196	prefix	stat	6142677
2197	path_fragment	inbox/shared	3211366
2198	infix	-2024	7203918
2199	prefix	summary	2290335
2200	path_fragment	Videos/examples	6808343
2201	infix	v5.jp	5424110
2202	prefix	Payroll	8890115
2203	prefix	IMG_	6500616
2204	infix	e-202	5985783
2205	prefix	project-	1475756
2206	path_fragment	misc/products	9065485
2207	prefix	pricin	8191156
2208	semantic	release strategy about system	536
2209	infix	cript.js	3456764
2210	path_fragment	reports/misc/arc	5787157
2211	semantic	overview support about final	2045
2212	prefix	stateme	6515802
2213	infix	tRender.	5891822
2214	prefix	trans	5557241
2215	prefix	del	6974938
2216	infix	6 (copy	3699076
2217	path_fragment	core/2022/sta	6484435
2218	prefix	IMG_	3329109
2219	infix	ummary-c	7872662
2220	infix	2022-	1961339
2221	prefix	packag	1370114
2222	prefix	finan	3164488
2223	infix	lineHe	6044620
2224	path_fragment	Desktop/static/scr	7187173
2225	path_fragment	2025/2019	5483147
2226	infix	mport.p	2120156
2227	prefix	IMG_202	6412284
2228	semantic	storage quarterly about layout	547
2229	prefix	networ	4416127
2230	infix	a-desi	4961741
2231	path_fragment	team/src/con	6828962
2232	prefix	proje	6542157
2233	prefix	specif	4251920
2234	prefix	Monthly	5318629
2235	semantic	hotfix response about output	3475
2236	infix	chive-	8331421
2237	infix	-syste	5603856
2238	path_fragment	Projects/lib/upd	9018458
2239	prefix	exp	671325
2240	path_fragment	photos/lib/cam	8285046
2241	prefix	ver	2280291
2242	prefix	Sou	9652028
2243	semantic	output settings about settings	2213
2244	prefix	fin	3454188
2245	infix	ificati	9351991
2246	infix	MG_2019	6269458
2247	prefix	mont	6409381
2248	infix	5-15	7965531
2249	path_fragment	targets/misc/sur	743743
2250	semantic	archive pipeline about strategy	3646
2251	path_fragment	服务/2019	9993960
2252	prefix	stagin	517185
2253	infix	G_20250	7088502
2254	infix	sting-su	2427597
2255	prefix	audit_m	91902
2256	infix	cking	3773528
2257	prefix	export-	4814896
2258	path_fragment	admin/2020/not	716015
2259	prefix	metr	1153574
2260	prefix	backup-2	5419168
2261	path_fragment	Projects/migrations	9079276
2262	path_fragment	platform/clients/ind	4453429
2263	infix	e-sp	7638487
2264	prefix	rep	7316541
2265	infix	6-06-15	1763117
2266	prefix	usage-20	6292349
2267	infix	23_4408	2898038
2268	semantic	data request about client	205
2269	prefix	refac	8219123
2270	semantic	script script about schedule	1541
2271	prefix	minute	6903495
2272	infix	int-fo	6577586
2273	infix	-scra	6385406
2274	prefix	vendor	1439323
2275	path_fragment	vendors/media/rel	9260520
2276	prefix	worksho	9604152
2277	path_fragment	docs/utils/Sou	4336659
2278	prefix	assets-	8386224
2279	infix	iagram	8931667
2280	prefix	support	9298644
2281	prefix	bui	6225122
2282	infix	-import	8059832
2283	semantic	hotfix engine about response	3277
2284	prefix	kickof	6053079
2285	prefix	pro	9483513
2286	infix	twork-	1653615
2287	infix	patch.xl	824890
2288	path_fragment	photos/服务/pol	5394716
2289	path_fragment	archive/scripts/wor	8096544
2290	prefix	wiref	3460415
2291	infix	ctor-p	4098093
2292	prefix	securi	7143657
2293	path_fragment	tools/tools/fin	1824624
2294	path_fragment	fixtures/migrations	3672503
2295	infix	6-09-11	8562838
2296	semantic	index archive about finance	1577
2297	prefix	Deliv	6948847
2298	prefix	transc	1063789
2299	infix	cifi	2551228
2300	infix	Scratch	2236325
2301	prefix	planni	3622905
2302	prefix	sched	2916558
2303	infix	finance	9488361
2304	prefix	Receip	1433337
2305	infix	-rec	2451882
2306	prefix	profile_	228778
2307	path_fragment	photos/marketing	8510734
2308	semantic	report client about profile	3365
2309	path_fragment	media/personal/cam	7748367
2310	prefix	upload	819820
2311	path_fragment	2023/android	938975
2312	prefix	IMG	7077290
2313	infix	ource-v9	8784407
2314	semantic	release sync about sketch	875
2315	infix	ine-	9806989
2316	path_fragment	backend/sales/not	225614
2317	prefix	setti	2744651
2318	prefix	invoice-	756411
2319	infix	dger	8430809
2320	prefix	IMG_	9360742
2321	infix	posal-	5586411
2322	prefix	tran	6599486
2323	path_fragment	imports/android/sur	6690796
2324	prefix	hotfix-s	3663284
2325	semantic	snapshot meeting about project	2769
2326	infix	nce-i	265022
2327	prefix	intern	7269421
2328	path_fragment	personal/vendors	5868713
2329	infix	roject.p	5636554
2330	infix	ate-p	7083184
2331	semantic	contract internal about draft	115
2332	path_fragment	team/misc	4431871
2333	infix	oll-	1555751
2334	prefix	IMG_2022	9602202
2335	infix	rkflo	6350634
2336	path_fragment	服务/sales/dia	4451100
2337	prefix	service	1685699
2338	prefix	Transcr	356986
2339	prefix	strate	4934103
2340	infix	ample-tr	7113269
2341	prefix	usage-v	5988577
2342	prefix	payroll-	4874702
2343	path_fragment	platform/2019/inv	2473739
2344	semantic	policy sprint about settings	3015
2345	prefix	release	644908
2346	infix	-archive	7035697
2347	infix	02-15.	1636056
2348	path_fragment	docs/2021/ses	8959652
2349	prefix	update-m	1732448
2350	infix	fest	1379242
2351	infix	gn-se	7001333
2352	path_fragment	hr/workspace	2666568
2353	prefix	quarte	8620519
2354	semantic	cache script about assets	3734
2355	prefix	researc	1523287
2356	infix	vey.yam	1186114
2357	prefix	port	1272010
2358	prefix	diagram-	3248564
2359	path_fragment	examples/public	5844241
2360	semantic	pricing session about dashboard	2115
2361	prefix	IMG_201	427923
2362	infix	02203	6833774
2363	path_fragment	workspace/outbox	5244492
2364	prefix	Buil	1174062
2365	infix	g-payrol	6681030
2366	prefix	IMG	5286240
2367	path_fragment	admin/inbox/est	1986237
2368	prefix	Roll	8109782
2369	infix	019-01-	6517445
2370	infix	eensh	9049981
2371	infix	er-2026	602250
2372	prefix	payro	1986377
2373	path_fragment	Pictures/legal/pro	36481
2374	prefix	update	8561710
2375	infix	shot-r	7103329
2376	semantic	strategy delivery about minutes	114
2377	prefix	sprint-c	6034052
2378	path_fragment	infra/reports	5598090
2379	prefix	rende	6176032
2380	path_fragment	archive/workspace/IMG	6616481
2381	prefix	IMG_202	8546036
2382	prefix	ass	8896882
2383	infix	rt-da	9559111
2384	prefix	strat	2235471
2385	prefix	stor	327508
2386	infix	schedu	587637
2387	path_fragment	archive/models	3162809
2388	semantic	strategy export about overview	1561
2389	infix	line-pay	1743677
2390	prefix	vendo	7053141
2391	semantic	patch video about staging	2070
2392	infix	-04-11	882121
2393	path_fragment	archive/2020	7631036
2394	infix	26022	7162249
2395	prefix	outpu	9007581
2396	prefix	onb	7372943
2397	path_fragment	static/mobile	2345436
2398	infix	08-16.r	525008
2399	prefix	networ	2825500
2400	path_fragment	engineering/docs	4322315
2401	semantic	license staging about request	350
2402	infix	int.p	7308410
2403	path_fragment	2019/exports/Des	3290641
2404	prefix	net	5159454
2405	prefix	mig	9719203
2406	infix	-custo	3314637
2407	prefix	rollout	6831061
2408	infix	ortrait	4287804
2409	prefix	sync-pat	7232355
2410	infix	2021	4382340
2411	prefix	workshop	6085184
2412	prefix	Respons	9087114
2413	infix	l-resear	5886502
2414	semantic	settings response about timeline	3862
2415	path_fragment	infra/resources	3013818
2416	path_fragment	2022/infra/she	4672661
2417	prefix	Stagin	3631444
2418	prefix	sup	6726567
2419	infix	n-2019-1	7834923
2420	prefix	sam	9910946
2421	prefix	sketch-	7841794
2422	semantic	source diagram about presentation	643
2423	infix	vervie	6632236
2424	prefix	audit	7000878
2425	path_fragment	shared/migrations/spe	7326097
2426	infix	Sync.	4933688
2427	infix	t-settin	3387679
2428	prefix	Eng	1469872
2429	path_fragment	lib/웹/ses	4648337
2430	infix	1-10	3744270
2431	prefix	onboa	3252383
2432	prefix	IMG_20	5757602
2433	semantic	device kickoff about version	2243
2434	path_fragment	Desktop/operations/led	6097568
2435	prefix	receip	7373797
2436	prefix	layout-v	3450720
2437	infix	8.lo	142707
2438	infix	f-me	9811004
2439	path_fragment	デザイン/2026/cam	7794931
2440	prefix	plann	1688463
2441	path_fragment	Music/frontend	3101863
2442	prefix	IMG_2	3482566
2443	path_fragment	infra/targets	4143127
2444	infix	ing-requ	9908092
2445	prefix	IMG_2	5840494
2446	semantic	package finance about source	2048
2447	infix	verPacka	6244481
2448	prefix	proto	3949489
2449	infix	trait.	4964533
2450	prefix	IMG_2	7487573
2451	prefix	testing	6700047
2452	prefix	engine	4122333
2453	prefix	IMG_2026	9516907
2454	infix	hTempl	2051107
2455	infix	ery-	910584
2456	path_fragment	Projects/hr/wor	5622938
2457	path_fragment	Videos/웹/not	9455741
2458	semantic	profile finance about quarterly	2164
2459	infix	t-vend	5838570
2460	prefix	sandbo	6907185
2461	infix	nfig_	1097613
2462	prefix	set	1735139
2463	prefix	stateme	7227998
2464	semantic	config update about backup	3870
2465	prefix	IMG_	2541558
2466	infix	ender.	9756848
2467	path_fragment	2026/2020	8818520
2468	infix	utes-tra	7038919
2469	path_fragment	photos/lib/IMG	8871982
2470	prefix	IMG_20	167839
2471	infix	hema-v	5245710
2472	prefix	backu	5368889
2473	infix	ary-v8.	9633059
2474	prefix	notes_	4325104
2475	semantic	handover layout about roadmap	2625
2476	path_fragment	src/outbox	8631093
2477	prefix	eng	3155924
2478	infix	19.t	7957871
2479	path_fragment	デザイン/research/sur	2365224
2480	prefix	index	7559175
2481	infix	n-header	4318141
2482	path_fragment	utils/operations	3496162
2483	prefix	staging-	1261366
2484	prefix	work	8640926
2485	path_fragment	Pictures/components	3897100
2486	infix	stem-20	2992387
2487	infix	gy-netw	2418840
2488	prefix	rece	3738118
2489	semantic	update network about schedule	518
2490	infix	dor-re	2933378
2491	semantic	build schedule about schedule	1755
2492	path_fragment	2023/accounting	6991925
2493	prefix	kicko	6839658
2494	infix	MG_2	2474504
2495	prefix	index_se	4269638
2496	infix	livery-2	4585430
2497	prefix	pat	1954356
2498	path_fragment	Projects/2024/onb	934975
2499	prefix	out	3650110
2500	path_fragment	quarterly/frontend/for	2709408
2501	path_fragment	exports/imports/ass	5306719
2502	prefix	presen	8545862
2503	prefix	recor	6102193
2504	semantic	manifest overview about forecast	1569
2505	infix	24-12-11	6344826
2506	infix	alPol	1005119
2507	prefix	pay	2809803
2508	prefix	res	3443510
2509	infix	-storag	675628
2510	semantic	network tracking about security	2099
2511	infix	1.jp	4913962
2512	infix	cast-202	2326882
2513	prefix	import	5319696
2514	prefix	stateme	1840901
2515	path_fragment	Documents/tests	6469386
2516	prefix	Refa	5608743
2517	path_fragment	backend/static	5931803
2518	prefix	sketch	7600978
2519	infix	ll-v6	3983721
2520	prefix	spec	2879634
2521	path_fragment	legal/models	214116
2522	semantic	engine roadmap about statement	1422
2523	path_fragment	Desktop/src	3961943
2524	prefix	pla	1096944
2525	prefix	summar	2023801
2526	infix	_202	8222868
2527	infix	trics.p	6769204
2528	infix	2024	4363025
2529	prefix	aud	7350235
2530	infix	ce-han	8126708
2531	infix	eeting_s	6927297
2532	prefix	mee	4068594
2533	prefix	logisti	1264137
2534	path_fragment	Projects/products	7665804
2535	prefix	IMG_20	4436869
2536	prefix	backup-	3685614
2537	infix	20251217	6780768
2538	path_fragment	utils/reports	8986719
2539	semantic	internal scratch about sandbox	3267
2540	prefix	render	9108014
2541	semantic	sheet source about template	1591
2542	infix	st-logis	2090183
2543	path_fragment	Projects/mobile	4826028
2544	path_fragment	Projects/clients/Inv	1267638
2545	infix	2104	3174803
2546	prefix	system-2	8114138
2547	prefix	meetin	280608
2548	infix	ve-202	1032529
2549	prefix	schema	7405714
2550	prefix	bui	1437644
2551	prefix	speci	7138477
2552	infix	-minut	8692848
2553	infix	ign-n	2228111
2554	prefix	vendor-2	5289404
2555	semantic	server profile about output	1496
2556	path_fragment	scripts/inbox/scr	6182276
2557	prefix	image	4457236
2558	path_fragment	lib/modules/qua	4639506
2559	infix	-10-08.	3948216
2560	infix	rsion.r	2305004
2561	prefix	Sandbo	2847487
2562	path_fragment	Desktop/core	8698913
2563	prefix	network	811936
2564	semantic	payroll package about proposal	509
2565	infix	atch-con	1289961
2566	prefix	res	3433307
2567	path_fragment	infra/core	8742341
2568	prefix	vendo	1276176
2569	infix	voic	857493
2570	prefix	refact	6799855
2571	path_fragment	components/styles	4294145
2572	prefix	IMG_2020	2041435
2573	prefix	Sessio	5393183
2574	infix	er-v3.	6440368
2575	path_fragment	2023/platform/han	6122616
2576	prefix	Vend	6387709
2577	semantic	dashboard support about support	3707
2578	infix	-refact	7862233
2579	infix	atch-fo	6725350
2580	prefix	cach	8677699
2581	path_fragment	Documents/mobile/ser	1003727
2582	path_fragment	marketing/admin/ser	914859
2583	infix	-09-	7350265
2584	prefix	diagram	8061751
2585	infix	r-2022-	5551313
2586	semantic	system patch about session	699
2587	infix	scra	5817327
2588	prefix	handoff-	7639426
2589	prefix	IMG	5941394
2590	prefix	device	2243087
2591	infix	utput.pd	9276977
2592	prefix	trac	9813580
2593	prefix	diagram-	6634069
2594	infix	ver_es	4567615
2595	prefix	internal	3129166
2596	path_fragment	clients/engineering	6889095
2597	semantic	report template about update	1951
2598	infix	-upl	4941489
2599	path_fragment	lib/targets	6031386
2600	infix	esti	2266049
2601	prefix	trans	1439571
2602	prefix	rollout_	8329741
2603	infix	eyFinal	7413751
2604	infix	Schedule	4879174
2605	semantic	sheet refactor about hotfix	2672
2606	path_fragment	products/scripts	3187649
2607	prefix	exp	2492719
2608	prefix	IMG_	3753229
2609	path_fragment	shared/migrations/man	3421857
2610	path_fragment	hr/media	4482023
2611	semantic	device index about settings	812
2612	prefix	audit-2	5652159
2613	infix	iceM	5611430
2614	prefix	sprint-	3811688
2615	prefix	str	1219881
2616	infix	r-20	6245816
2617	prefix	quar	3497865
2618	infix	ropos	6022782
2619	path_fragment	Documents/customers/sch	7201149
2620	path_fragment	admin/frontend	7250529
2621	infix	sample	3924830
2622	semantic	sprint schema about profile	1608
2623	path_fragment	clients/2026/tra	9444909
2624	prefix	pri	3156334
2625	infix	tchVid	2169763
2626	prefix	IMG_2	4423178
2627	prefix	respo	8001706
2628	infix	boardi	5019269
2629	prefix	IMG_2025	3396757
2630	prefix	patc	6403279
2631	semantic	planning handover about session	3099
2632	prefix	revie	9201397
2633	infix	-09-10	9207953
2634	path_fragment	legal/platform	7399536
2635	infix	5-14.	7882161
2636	prefix	package-	2485871
2637	infix	54.zi	291824
2638	prefix	sna	3465392
2639	path_fragment	Pictures/marketing	3418888
2640	path_fragment	Projects/marketing/han	6898958
2641	prefix	layout	1172248
2642	path_fragment	Projects/hr/sou	7024560
2643	infix	al-trans	6746300
2644	infix	cs-logis	9801417
2645	semantic	image sync about forecast	1252
2646	infix	pExpor	5665995
2647	prefix	imag	4951968
2648	prefix	vendor-s	5451715
2649	prefix	client-s	9954270
2650	infix	gn.doc	3393759
2651	prefix	not	4555161
2652	prefix	relea	2796931
2653	semantic	release onboarding about customer	2598
2654	infix	s.tar	803470
2655	prefix	prototyp	88875
2656	infix	yroll_	3759342
2657	path_fragment	inbox/quarterly/IMG	2370299
2658	prefix	interna	6572261
2659	path_fragment	legal/legal	8576523
2660	prefix	IMG_	7143625
2661	path_fragment	customers/outbox/sta	805655
2662	prefix	kick	3938840
2663	infix	ampaign	2962430
2664	prefix	imag	2708284
2665	path_fragment	admin/modules	4049821
2666	infix	fest-i	2327980
2667	infix	-secu	7202465
2668	semantic	report minutes about client	2475
2669	prefix	IMG_20	3908284
2670	prefix	scri	2304540
2671	path_fragment	mobile/inbox/for	6924765
2672	prefix	sprint-s	1700783
2673	path_fragment	hr/lib/IMG	2776715
2674	infix	pelineR	4625379
2675	semantic	ledger render about quarterly	1085
2676	infix	-audit	320757
2677	infix	mePoli	1280062
2678	prefix	session	5501715
2679	prefix	meet	616899
2680	infix	ording	8420394
2681	prefix	support	9544309
2682	prefix	inde	1325480
2683	infix	shop-w	657682
2684	prefix	rest	1040108
2685	semantic	archive usage about archive	2158
2686	path_fragment	fixtures/デザイン/ind	8820081
2687	prefix	dashb	2697011
2688	infix	ual.jp	3145913
2689	path_fragment	Downloads/archive	2153359
2690	infix	stimate.	2720858
2691	infix	-v4.pn	4567454
2692	infix	e-2023	4905025
2693	path_fragment	misc/legal	328409
2694	prefix	clien	4051540
2695	semantic	planning source about release	1785
2696	prefix	reco	535729
2697	prefix	receip	4849967
2698	path_fragment	Music/accounting/tra	3118327
2699	prefix	transcr	4957561
2700	path_fragment	android/mobile/ser	5283331
2701	infix	hot-	6409372
2702	prefix	templat	5659072
2703	semantic	finance scratch about patch	1688
2704	infix	ct-2026	8921323
2705	prefix	wor	6464392
2706	infix	evie	5731926
2707	path_fragment	reports/infra	3362614
2708	prefix	IMG_20	863214
2709	prefix	Roadma	4856771
2710	prefix	screen	1038517
2711	infix	DesignMo	9491053
2712	semantic	data output about product	594
2713	infix	restor	4119459
2714	infix	-2019-06	7877685
2715	prefix	surv	4635635
2716	path_fragment	engineering/workspace/wor	1954885
2717	path_fragment	inbox/quarterly/man	3514433
2718	prefix	Schedule	8781949
2719	prefix	IMG	4343284
2720	path_fragment	resources/utils	7389815
2721	infix	25-1	4179755
2722	infix	_2023	5435979
2723	semantic	resource release about cache	2212
2724	prefix	audit	5744203
2725	path_fragment	服务/fixtures/ind	7679739
2726	prefix	estimate	9842271
2727	prefix	data_de	9913662
2728	prefix	lega	2022886
2729	infix	rvey-met	1186131
2730	infix	ndbox-v	3442147
2731	prefix	over	8518551
2732	path_fragment	Projects/docs	2668911
2733	infix	voiceBu	3289715
2734	path_fragment	products/utils	1036055
2735	infix	ment	9987738
2736	prefix	das	1900958
2737	prefix	mocku	7619330
2738	prefix	prototy	6202384
2739	semantic	profile settings about engine	2290
2740	prefix	sandbox-	185505
2741	prefix	imp	7660624
2742	infix	G_201908	7878111
2743	infix	_20260	9856076
2744	semantic	overview campaign about staging	2413
2745	prefix	IMG	1704564
2746	infix	acking_v	3225172
2747	path_fragment	platform/shared	3951537
2748	prefix	rev	52812
2749	path_fragment	Documents/core	8778139
2750	prefix	IMG	844001
2751	prefix	IMG_202	8874285
2752	prefix	month	8667695
2753	path_fragment	sales/resources	7336469
2754	semantic	monthly sketch about handover	2225
2755	path_fragment	imports/support	8488209
2756	prefix	system	9479934
2757	infix	pt.tx	1665553
2758	infix	-diagram	133857
2759	infix	ntMigrat	2393726
2760	prefix	cont	3819557
2761	path_fragment	media/targets/pac	6146999
2762	infix	-budget	9093737
2763	path_fragment	modules/api/wor	892501
2764	prefix	testing	2734151
2765	infix	-legacy.	9614678
2766	prefix	IMG_2	8897384
2767	semantic	sync handover about planning	2862
2768	prefix	backup	4388468
2769	infix	heet-	673645
2770	semantic	script upload about sample	4021
2771	path_fragment	core/2025/str	6612152
2772	prefix	profi	5057582
2773	infix	samp	351345
2774	prefix	archive	2095200
2775	prefix	lay	1972222
2776	infix	h-202	4797780
2777	path_fragment	tools/inbox	9187870
2778	prefix	design-s	2352041
2779	infix	boardin	2192233
2780	infix	he-20	9081383
2781	infix	load_	6350803
2782	prefix	planni	3015460
2783	infix	isti	8535380
2784	prefix	diagr	5474116
2785	path_fragment	Documents/2025/dev	8162834
2786	path_fragment	utils/2019	3630183
2787	prefix	pipel	5108806
2788	semantic	statement network about forecast	1154
2789	prefix	resou	7428830
2790	path_fragment	media/vendors/rec	3158776
2791	infix	nt-2024	4695773
2792	path_fragment	2026/misc	9021801
2793	prefix	dashb	7688872
2794	infix	-2020-	7787461
2795	semantic	portrait review about final	2328
2796	prefix	work	2491339
2797	infix	01-2	4225323
2798	prefix	notes-	2892123
2799	prefix	sam	777146
2800	infix	shot	2072
2801	prefix	Lice	89030
2802	prefix	IMG_	2596441
2803	path_fragment	photos/utils/pip	7444355
2804	infix	dove	389202
2805	prefix	Storag	2753088
2806	semantic	portrait engine about service	2184
2807	path_fragment	Videos/archive/log	5296076
2808	infix	0240101	6468585
2809	prefix	IMG_2022	6858630
2810	infix	5-06-25.	4096086
2811	infix	ipt.t	8181194
2812	path_fragment	2024/admin/IMG	2876068
2813	prefix	testin	1718137
2814	prefix	contrac	2482588
2815	semantic	package internal about prototype	126
2816	infix	arter	7853832
2817	path_fragment	team/workspace	2868758
2818	prefix	Trans	4526579
2819	prefix	Sta	3160134
2820	infix	e-v4	1215358
2821	prefix	service-	9852485
2822	prefix	update	5136114
2823	prefix	IMG_2024	8375270
2824	semantic	backup update about onboarding	1074
2825	prefix	IMG	636319
2826	infix	nfig-res	1473523
2827	path_fragment	components/2021/fin	7951975
2828	path_fragment	accounting/modules/mee	6146600
2829	infix	es-v4	2462326
2830	prefix	pricin	5739491
2831	prefix	logis	9633719
2832	infix	-03-1	3955843
2833	infix	y-2020-	6339107
2834	prefix	report-v	6877705
2835	semantic	restore network about request	1635
2836	path_fragment	marketing/marketing/man	8372016
2837	infix	dex-	8906110
2838	prefix	transcr	4319367
2839	path_fragment	outbox/public	5704924
2840	prefix	Track	9154038
2841	path_fragment	utils/misc	9318390
2842	prefix	spri	7645300
2843	infix	Over	929814
2844	prefix	sup	8359918
2845	infix	mple-202	9546726
2846	infix	rchiv	3776083
2847	path_fragment	mobile/tools/sys	3907657
2848	prefix	sourc	8028449
2849	semantic	hotfix network about pricing	3826
2850	prefix	cli	3004401
2851	prefix	archive	1150391
2852	prefix	license	2570937
2853	infix	5_305359	2554752
2854	infix	-11-2	9217887
2855	semantic	sprint schedule about minutes	3386
2856	path_fragment	Music/common/lic	6831114
2857	prefix	Workfl	1106063
2858	path_fragment	clients/lib/vid	3403061
2859	infix	nnual-ca	3025923
2860	prefix	rele	6912063
2861	prefix	dev	5694939
2862	infix	3_53617	8692514
2863	prefix	serv	157270
2864	infix	igrat	1913134
2865	path_fragment	Projects/marketing/ann	3477822
2866	path_fragment	hr/sales	5620311
2867	semantic	roadmap recording about handover	1118
2868	prefix	server_s	2127306
2869	infix	tch_port	6241762
2870	semantic	image restore about diagram	651
2871	prefix	tra	3657127
2872	prefix	networ	967478
2873	prefix	pricing-	7424117
2874	infix	-profil	2898620
2875	infix	ject-	5467609
2876	infix	ing-2	9376108
2877	path_fragment	Pictures/docs/qua	2515875
2878	prefix	overview	9567399
2879	path_fragment	backend/personal/pro	5221362
2880	infix	_fina	2331367
2881	prefix	setting	9183898
2882	semantic	forecast report about transfer	1335
2883	infix	ication.	3181743
2884	path_fragment	styles/marketing	2377263
2885	prefix	dia	8951512
2886	path_fragment	2022/media/leg	5269530
2887	infix	ine-surv	125394
2888	prefix	hando	6871972
2889	prefix	budget	6932735
2890	prefix	rend	5868936
2891	path_fragment	marketing/archive	8456219
2892	prefix	render-v	6637087
2893	path_fragment	Documents/styles/sou	1751836
2894	prefix	kickoff	1947823
2895	semantic	device security about mockup	876
2896	infix	it-re	8247899
2897	infix	ld-cach	3274902
2898	prefix	wirefram	8491646
2899	infix	ckingCli	9660217
2900	infix	o-te	7314172
2901	prefix	report-u	393868
2902	path_fragment	customers/reports	2190274
2903	path_fragment	Desktop/products	7272926
2904	prefix	releas	8253896
2905	infix	nc_layou	7634711
2906	prefix	ledger-	8294758
2907	prefix	IMG_2019	5629318
2908	semantic	vendor project about presentation	2408
2909	infix	ranscri	5340859
2910	infix	taging	6171596
2911	prefix	quart	5960352
2912	prefix	IMG_202	8108837
2913	prefix	syst	4908101
2914	prefix	IMG	3546665
2915	path_fragment	styles/public/sec	8917718
2916	semantic	support contract about budget	4090
2917	infix	-2022	9283617
2918	path_fragment	Pictures/modules/scr	2170635
2919	infix	nning.ta	9102283
2920	infix	e-settin	7722914
2921	path_fragment	Music/2023/rol	2677364
2922	semantic	update release about metrics	185
2923	prefix	index-20	2568363
2924	prefix	produ	9062552
2925	prefix	network-	7389156
2926	infix	y-2026-0	759467
2927	prefix	Back	8469413
2928	infix	nfig.	7816776
2929	path_fragment	resources/workspace	1621999
2930	infix	ne-v4.	7555831
2931	path_fragment	team/common/IMG	963751
2932	prefix	scr	9545658
2933	infix	utes.t	1740929
2934	semantic	recording transfer about survey	1447
2935	prefix	policy	3900439
2936	infix	wPipelin	3033010
2937	prefix	minut	657749
2938	path_fragment	Documents/static	7897710
2939	prefix	rollout	2187531
2940	path_fragment	engineering/exports/ref	1635065
2941	infix	_inde	2703887
2942	prefix	sum	617218
2943	semantic	contract planning about review	3272
2944	prefix	build_	2280200
2945	prefix	timeli	8295725
2946	prefix	summary-	2931439
2947	infix	05436.jp	663780
2948	infix	t-repo	222457
2949	path_fragment	2022/static/tes	3923427
2950	infix	gSchedul	470171
2951	infix	elive	8085059
2952	prefix	presen	6509099
2953	prefix	resp	1273194
2954	infix	screensh	707240
2955	path_fragment	src/vendors/int	3414101
2956	prefix	uploa	5595951
2957	semantic	pipeline diagram about staging	3027
2958	prefix	system	3771660
2959	path_fragment	2024/infra/dia	2774874
2960	infix	anning	7023079
2961	prefix	Payrol	9268553
2962	path_fragment	examples/quarterly	4024512
2963	prefix	import-	1938404
2964	infix	-usa	6326569
2965	prefix	backu	9015822
2966	path_fragment	quarterly/archive/pip	3845067
2967	prefix	ver	6157880
2968	infix	0250120_	9306440
2969	semantic	budget quarterly about resource	2885
2970	infix	acking	8486596
2971	prefix	month	257422
2972	path_fragment	shared/api/Eng	7680661
2973	prefix	present	1350325
2974	infix	iagra	3665926
2975	infix	t.pn	6988977
2976	semantic	transfer assets about schema	1670
2977	path_fragment	Projects/api/cam	255434
2978	prefix	manife	7130467
2979	prefix	LayoutT	136384
2980	path_fragment	Music/packages/str	9420069
2981	prefix	bac	1985040
2982	prefix	Layo	7450696
2983	prefix	pipeli	9063188
2984	infix	9.to	1718114
2985	path_fragment	docs/photos	9908369
2986	semantic	forecast migration about transcript	2620
2987	infix	ve-v7	2326080
2988	prefix	workshop	3749796
2989	infix	t-packa	462517
2990	infix	imat	2194216
2991	path_fragment	static/exports/IMG	9592369
2992	prefix	meeting-	9684152
2993	prefix	metric	1610337
2994	infix	ix_scr	469990
2995	path_fragment	Documents/support/qua	8052759
2996	semantic	testing testing about transfer	1425
2997	prefix	Resou	5814501
2998	infix	fig.jp	631937
2999	prefix	Suppo	225334
3000	prefix	update-	4537895
3001	prefix	sket	6092945
3002	infix	expor	6861962
3003	semantic	contract restore about source	866
3004	prefix	sync-2	7064923
3005	path_fragment	clients/clients/wir	7207162
3006	infix	0912_7	2240200
3007	path_fragment	modules/resources	3126111
3008	infix	ogistics	1707257
3009	prefix	rol	7407748
3010	prefix	strate	1768771
3011	infix	01_93	6580679
3012	prefix	prot	9683227
3013	infix	ase-2023	2257942
3014	prefix	pipelin	4205725
3015	prefix	IMG_2020	1982161
3016	path_fragment	infra/static	5169058
3017	semantic	minutes design about project	3184
3018	path_fragment	src/operations/pat	3937907
3019	infix	handof	4649854
3020	infix	inal.	1584720
3021	infix	atch-20	4884097
3022	prefix	vend	5069275
3023	prefix	project	721806
3024	prefix	clien	3147558
3025	infix	oll.	4017745
3026	path_fragment	core/examples/IMG	1786836
3027	semantic	overview schedule about onboarding	1998
3028	prefix	pres	5460720
3029	path_fragment	2024/sales/IMG	6083216
3030	path_fragment	frontend/sales	7740740
3031	prefix	stora	3520349
3032	infix	MG_2	2724736
3033	prefix	vendor	8807613
3034	prefix	IMG_2022	5724637
3035	prefix	sched	2995549
3036	path_fragment	support/clients/bud	6176100
3037	infix	11-21.	3818936
3038	semantic	support sample about source	3252
3039	infix	mport.p	2090891
3040	prefix	sourc	7889529
3041	prefix	scree	3326971
3042	path_fragment	examples/staging/del	6704760
3043	infix	r-wi	1290843
3044	semantic	draft screenshot about restore	3509
3045	prefix	IMG_2	8875023
3046	infix	ll-heade	524649
3047	prefix	ass	2653954
3048	path_fragment	服务/accounting/del	2079482
3049	infix	otSn	6066479
3050	prefix	statemen	9100742
3051	prefix	logistic	4581241
3052	infix	t-v5	6803227
3053	semantic	diagram archive about schema	343
3054	path_fragment	exports/服务/IMG	1425521
3055	prefix	sketc	5296828
3056	infix	00907_	2072361
3057	path_fragment	shared/tools	1470552
3058	prefix	expo	3938794
3059	infix	06_39909	8388265
3060	prefix	quart	7397732
3061	infix	MG_20201	576023
3062	infix	mockup.p	2050745
3063	path_fragment	Music/mobile	8595390
3064	prefix	mockup-	1805224
3065	prefix	usage-	8117603
3066	path_fragment	research/backend/pat	5719181
3067	prefix	imp	2514069
3068	infix	_receip	8165970
3069	semantic	metrics assets about scratch	3383
3070	path_fragment	packages/mobile/rec	1337018
3071	infix	tion-	7405184
3072	infix	ow-v1 (c	7162085
3073	semantic	client rollout about package	105
3074	prefix	config	8523521
3075	infix	328256	1875348
3076	path_fragment	2022/personal	9068155
3077	prefix	policy	7470796
3078	prefix	timelin	1076111
3079	prefix	client	2203838
3080	infix	ckoff	5155666
3081	prefix	upd	8935649
3082	infix	egy-201	7021465
3083	prefix	Internal	3585635
3084	prefix	kickoff-	763239
3085	prefix	IMG	3613166
3086	infix	23-11-	2716945
3087	path_fragment	targets/public/for	447270
3088	path_fragment	2022/quarterly	6980482
3089	semantic	minutes audit about server	650
3090	infix	nder	9161351
3091	semantic	research monthly about receipt	351
3092	prefix	IMG_	5699959
3093	infix	ard-v7.	1692896
3094	path_fragment	mobile/2023/han	6344369
3095	prefix	storage	1773999
3096	infix	x-meet	6353719
3097	prefix	updat	8634684
3098	prefix	IMG_2023	3119411
3099	path_fragment	targets/media/inv	3931837
3100	prefix	payrol	5413221
3101	prefix	Network	6435165
3102	infix	69.js	8252394
3103	semantic	strategy portrait about strategy	2664
3104	infix	port.h	4275958
3105	path_fragment	shared/core	6133694
3106	prefix	IMG	4740953
3107	prefix	portra	2652838
3108	infix	t-v5.mo	9782043
3109	path_fragment	Downloads/backend	8540106
3110	prefix	tra	6177521
3111	infix	stics-v9	7580497
3112	path_fragment	static/vendors	2823630
3113	semantic	render kickoff about payroll	1403
3114	infix	eet.	2328902
3115	prefix	sketch-s	8672655
3116	prefix	sync	8165419
3117	path_fragment	examples/products/sna	6482579
3118	infix	cache.	3162888
3119	prefix	diagra	3427989
3120	semantic	engine presentation about output	969
3121	infix	ummaryMo	7997719
3122	prefix	metrics-	1976286
3123	path_fragment	core/staging/sum	9545512
3124	path_fragment	marketing/misc	8200461
3125	infix	-rel	674956
3126	prefix	sandbo	3298936
3127	prefix	overv	5219643
3128	prefix	rende	361772
3129	infix	system_i	6520862
3130	prefix	stra	9916896
3131	prefix	IMG	862598
3132	prefix	invoice	3666266
3133	infix	op-v8	8662044
3134	path_fragment	api/tests/rec	9810479
3135	infix	-notes	6833509
3136	semantic	service report about portrait	4029
3137	infix	icsOu	7644399
3138	prefix	usag	1055717
3139	path_fragment	platform/images/pro	8813986
3140	infix	rofile.j	1683500
3141	prefix	build	2353990
3142	path_fragment	staging/common	1070993
3143	infix	62908.jp	9699483
3144	infix	5-09.to	5580184
3145	prefix	update-2	3180820
3146	prefix	pip	1733458
3147	semantic	internal final about support	1201
3148	prefix	ReviewSn	3761386
3149	path_fragment	Documents/2025	9873631
3150	infix	etwork-h	2461989
3151	prefix	workflo	450856
3152	path_fragment	products/fixtures	9821979
3153	infix	-researc	7187352
3154	prefix	UsageInt	3511064
3155	infix	t-v5.	8381871
3156	prefix	render	5268974
3157	semantic	license handoff about restore	2398
3158	prefix	IMG_202	4396855
3159	path_fragment	workspace/tests	9428320
3160	infix	rvice.	7623504
3161	path_fragment	docs/sales/del	7427323
3162	prefix	sketc	448141
3163	infix	lout.	1692569
3164	prefix	dra	9626126
3165	prefix	sheet-	6792109
3166	prefix	pric	1745338
3167	infix	nute	3119596
3168	path_fragment	服务/inbox	3322523
3169	semantic	security source about patch	1544
3170	infix	36558.j	7133511
3171	path_fragment	quarterly/服务/Moc	4617207
3172	prefix	produ	2866909
3173	prefix	profile_	7783074
3174	infix	MG_202	1526064
3175	infix	G_202	1616895
3176	path_fragment	fixtures/docs/cus	3074645
3177	prefix	source-	3273680
3178	semantic	ledger restore about presentation	1714
3179	prefix	hea	4135786
3180	prefix	IMG_20	4263295
3181	prefix	Refactor	7886830
3182	infix	gn.tx	3530211
3183	prefix	rele	6020460
3184	infix	10.pp	3681204
3185	semantic	workflow transcript about draft	2759
3186	prefix	IMG_202	3470611
3187	path_fragment	2022/personal	5999810
3188	infix	ce_a	4783427
3189	path_fragment	lib/mobile/sec	5030871
3190	infix	-image-o	7805126
3191	semantic	config minutes about index	48
3192	infix	9301	5063172
3193	prefix	prici	1156064
3194	prefix	securi	4635713
3195	prefix	clien	8275655
3196	path_fragment	exports/reports	5063859
3197	prefix	annu	851306
3198	infix	uild-v6.	9956560
3199	path_fragment	components/hr	5613228
3200	prefix	pric	5044848
3201	infix	ging-sta	9045051
3202	infix	se.jp	5819939
3203	infix	-2026-0	2056549
3204	path_fragment	infra/vendors/mee	4818088
3205	prefix	IMG_	2340041
3206	path_fragment	backend/2020	869689
3207	prefix	hando	6092612
3208	prefix	aud	8955895
3209	semantic	quarterly handover about release	2536
3210	path_fragment	outbox/research	9099613
3211	infix	dmap_	9957234
3212	prefix	patch	8608563
3213	infix	12-24.m	4115189
3214	prefix	Kickof	5937117
3215	infix	igrat	7336417
3216	prefix	Clie	1091242
3217	prefix	IMG_2024	7334259
3218	semantic	survey diagram about rollout	2518
3219	path_fragment	operations/hr/bud	5004436
3220	prefix	timelin	8611220
3221	path_fragment	components/2022/rec	621327
3222	infix	sign.tx	748470
3223	infix	ce-v3	1219121
3224	prefix	minutes	3766080
3225	semantic	roadmap specification about usage	3845
3226	infix	20-12	1736949
3227	prefix	Prot	5901940
3228	prefix	pay	7435431
3229	path_fragment	core/marketing	8644160
3230	infix	mpaig	7627902
3231	prefix	vendor	7150149
3232	prefix	record	1339460
3233	path_fragment	misc/components	6841813
3234	prefix	budg	3566804
3235	infix	udget	9083279
3236	prefix	planni	9138941
3237	semantic	pricing quarterly about version	3035
3238	path_fragment	quarterly/2019/cli	5555469
3239	infix	rvey-	9755185
3240	prefix	foreca	5715964
3241	path_fragment	clients/utils/ven	7643313
3242	infix	p_transf	6205784
3243	infix	shboard	1596117
3244	prefix	inde	1716927
3245	prefix	invo	4086663
3246	path_fragment	exports/quarterly/des	5289445
3247	semantic	sandbox hotfix about statement	1435
3248	infix	doff-v	4394245
3249	prefix	import	4423119
3250	prefix	rele	27418
3251	path_fragment	Pictures/personal/cam	1581788
3252	infix	t-sket	5880870
3253	prefix	summar	1572342
3254	infix	-11-18.	9316961
3255	semantic	engine update about settings	2705
3256	infix	9-07-1	2569323
3257	prefix	import-o	4593278
3258	path_fragment	core/photos/met	9885393
3259	prefix	reque	1214265
3260	semantic	pipeline hotfix about video	3727
3261	infix	tput	8029939
3262	prefix	transfe	6852129
3263	prefix	res	2532676
3264	prefix	data_ov	9552169
3265	infix	ettings-	6078292
3266	prefix	header-2	9904111
3267	path_fragment	benchmarks/reports	5480360
3268	infix	tes-202	6006917
3269	path_fragment	shared/marketing/pac	1850104
3270	infix	tomer-re	6522559
3271	prefix	hotfix-	5621890
3272	prefix	eng	7419309
3273	path_fragment	research/platform/sec	3019069
3274	infix	 2).p	427821
3275	semantic	hotfix dashboard about source	3386
3276	path_fragment	resources/archive	8020842
3277	prefix	mee	6480491
3278	infix	fer_tr	7226733
3279	prefix	strate	4419410
3280	prefix	proje	9529370
3281	infix	cking	9694472
3282	path_fragment	platform/imports/man	4016560
3283	infix	r-con	9507842
3284	path_fragment	team/resources	5544425
3285	prefix	audit-2	4474856
3286	prefix	hea	4824522
3287	semantic	restore contract about rollout	2785
3288	prefix	securit	2220011
3289	infix	07-11	4906621
3290	prefix	sam	5778002
3291	infix	ning-o	5474321
3292	semantic	archive refactor about staging	10
3293	path_fragment	shared/docs/res	6800798
3294	prefix	schedu	8330069
3295	prefix	invoic	3799728
3296	prefix	budget-	3274351
3297	infix	6042	7558410
3298	infix	trics.jp	186037
3299	path_fragment	2021/デザイン	7171198
3300	infix	udit-20	3490982
3301	semantic	sheet screenshot about sandbox	2546
3302	prefix	minu	2430111
3303	path_fragment	media/benchmarks	8467998
3304	path_fragment	public/outbox/scr	3039184
3305	prefix	overview	4115840
3306	prefix	survey-e	9655862
3307	infix	ine-	454619
3308	prefix	dia	9284137
3309	infix	4-03-27.	7013719
3310	semantic	delivery hotfix about budget	1322
3311	prefix	mockup-	7136499
3312	prefix	prop	3378761
3313	path_fragment	resources/media/pre	2728325
3314	prefix	refacto	9305996
3315	infix	4_60043	3634315
3316	infix	ement-	2312036
3317	infix	sync-pro	3314757
3318	prefix	pla	117465
3319	path_fragment	infra/support	9294654
3320	path_fragment	outbox/accounting	9071564
3321	semantic	metrics sandbox about specification	1689
3322	prefix	IMG_20	5889899
3323	prefix	restore-	7381152
3324	infix	ratch	7164704
3325	infix	t-re	2044141
3326	prefix	Cam	3495978
3327	infix	ecastWi	762924
3328	path_fragment	Desktop/accounting/das	2813788
3329	prefix	invoi	5577325
3330	prefix	research	3278499
3331	path_fragment	imports/api	20918
3332	prefix	IMG_2025	1847638
3333	prefix	IMG_2	6943608
3334	infix	ice.	6882978
3335	infix	2-15.xl	5783780
3336	prefix	manifes	3325998
3337	semantic	diagram image about package	3602
3338	infix	gram.t	8523693
3339	path_fragment	targets/public	8450291
3340	path_fragment	2025/2024	2193351
3341	infix	rce.	4928266
3342	path_fragment	Documents/2020/dat	9566871
3343	infix	llout.pn	3463706
3344	prefix	imp	6808674
3345	prefix	quarter	8860066
3346	semantic	settings planning about video	2180
3347	infix	6-02	264827
3348	prefix	IMG_2	1652547
3349	prefix	screen	9323272
3350	prefix	dashboa	1610876
3351	prefix	survey-	2382464
3352	path_fragment	photos/engineering/sta	8760979
3353	prefix	prese	383766
3354	semantic	render index about policy	389
3355	infix	tput-sch	78365
3356	path_fragment	Pictures/models	731649
3357	infix	p-202	20900
3358	prefix	meet	4876584
3359	infix	cree	2329716
3360	path_fragment	backend/src/Arc	7639400
3361	path_fragment	服务/2026/Pro	9910218
3362	infix	e-20	4635641
3363	prefix	payrol	1328429
3364	prefix	Secur	9781882
3365	infix	layou	8195837
3366	prefix	overview	636109
3367	infix	torage-s	2072293
3368	prefix	wirefram	6187683
3369	semantic	pipeline profile about tracking	1284
3370	path_fragment	research/public	3517281
3371	semantic	policy specification about estimate	4057
3372	prefix	req	2928260
3373	infix	eeting-	2449484
3374	path_fragment	marketing/marketing/lic	4687218
3375	prefix	upload	372982
3376	infix	MG_20230	5657478
3377	prefix	IMG_20	4347390
3378	prefix	mont	207030
3379	infix	rofile	6323460
3380	prefix	Head	2046467
3381	path_fragment	Desktop/src/net	4551326
3382	infix	-04-01.	6608982
3383	semantic	sprint snapshot about hotfix	3452
3384	prefix	cust	9448566
3385	path_fragment	research/clients/Por	3829458
3386	prefix	system-	5153101
3387	prefix	IMG_2024	1116478
3388	infix	version.	7195916
3389	infix	ork-pa	1289682
3390	prefix	budg	389725
3391	semantic	template quarterly about timeline	2921
3392	prefix	record	3288879
3393	infix	_repor	519479
3394	infix	m-tra	4104017
3395	prefix	data-sc	7267036
3396	path_fragment	models/2026	6952139
3397	prefix	sprint-	795874
3398	path_fragment	scripts/服务	9337585
3399	infix	025-11-	8294032
3400	path_fragment	platform/docs	6707928
3401	prefix	IMG	1405362
3402	path_fragment	Pictures/platform	6690107
3403	infix	-forec	2427414
3404	prefix	imp	3279650
3405	infix	esour	9820899
3406	prefix	prop	8667504
3407	semantic	restore upload about invoice	485
3408	prefix	IMG_2	6752821
3409	infix	-07-28	2194018
3410	prefix	Trackin	9550825
3411	prefix	rende	2764119
3412	prefix	ver	9668370
3413	infix	eader	6442680
3414	path_fragment	Documents/core	1962617
3415	path_fragment	examples/examples/IMG	244728
3416	prefix	annu	9405520
3417	semantic	final storage about support	789
3418	infix	 1).	1446122
3419	infix	021010	9276638
3420	prefix	proto	7806589
3421	path_fragment	examples/docs/Roa	5634490
3422	path_fragment	team/utils	3900478
3423	prefix	build-	7024859
3424	semantic	template sandbox about header	312
3425	prefix	IndexSan	9662858
3426	infix	nt-roll	3818588
3427	infix	l-so	2552770
3428	infix	nance-	2291600
3429	prefix	IMG_20	277358
3430	infix	8.ta	920927
3431	infix	er-ser	1454227
3432	prefix	IMG_202	4843336
3433	prefix	revie	6450138
3434	infix	20-01	4394766
3435	prefix	annu	3720885
3436	semantic	sandbox logistics about estimate	3872
3437	path_fragment	support/utils	8537190
3438	prefix	hotfix-	7686366
3439	path_fragment	workspace/accounting	5838160
3440	prefix	staging	8994640
3441	path_fragment	2026/common	4260405
3442	infix	cy-vide	9908079
3443	prefix	layout-p	9442292
3444	infix	h-v7.j	3479473
3445	infix	ckage-	8954080
3446	prefix	han	1212302
3447	path_fragment	scripts/fixtures	6171800
3448	prefix	ledger	3272303
3449	semantic	server workflow about product	902
3450	infix	nce.d	5804410
3451	path_fragment	legal/vendors/IMG	5748524
3452	infix	e-v9 (c	2714352
3453	prefix	ledger-	5573605
3454	prefix	upload-	3873298
3455	prefix	pack	9236373
3456	path_fragment	shared/2019	8592549
3457	infix	ing-v5	7692660
3458	prefix	budget-	2417609
3459	semantic	cache request about transcript	3850
3460	prefix	inde	9253998
3461	prefix	strat	3095695
3462	infix	-v6.p	3041684
3463	prefix	transcri	6830920
3464	infix	-vide	9949348
3465	infix	5-08	3619484
3466	path_fragment	packages/styles	2803879
3467	prefix	inv	1744997
3468	path_fragment	Downloads/2024	8087019
3469	semantic	sketch policy about specification	834
3470	path_fragment	shared/reports	6664253
3471	semantic	screenshot tracking about campaign	3737
3472	prefix	BackupM	8142233
3473	prefix	Storage	3100916
3474	prefix	product	2791541
3475	infix	e-lega	1884554
3476	prefix	annua	5449631
3477	path_fragment	support/tests/scr	1069784
3478	infix	mplate.l	6212586
3479	infix	-202	9230866
3480	prefix	IMG_2	5477756
3481	infix	-plannin	6144409
3482	path_fragment	Documents/2021	8930305
3483	infix	1-10	3233208
3484	prefix	template	5662200
3485	path_fragment	mobile/customers	9214761
3486	infix	2021	1315918
3487	semantic	campaign statement about video	1330
3488	prefix	Polic	2363988
3489	prefix	worksho	1129838
3490	infix	-v1 (c	1417476
3491	semantic	product project about sandbox	3657
3492	path_fragment	Pictures/frontend	6432502
3493	infix	erview	6534889
3494	path_fragment	operations/examples/upl	9871485
3495	prefix	timelin	2803070
3496	prefix	backup	4103741
3497	prefix	IMG_20	1903463
3498	prefix	workf	6819156
3499	infix	fica	8793118
3500	path_fragment	Music/backend	4012004
3501	infix	prin	4120274
3502	prefix	mon	2429590
3503	path_fragment	Desktop/quarterly	3832891
3504	infix	erna	137333
3505	semantic	schema render about recording	328
3506	prefix	strategy	3990682
3507	prefix	system-	4246177
3508	prefix	inv	3410641
3509	infix	fig-v	3801237
3510	semantic	layout monthly about prototype	3091
3511	prefix	finan	9305730
3512	path_fragment	personal/customers/das	3083476
3513	prefix	Session	4181512
3514	infix	dger-v3	3349799
3515	path_fragment	Pictures/misc	9338924
3516	infix	print-l	987999
3517	prefix	respons	9765342
3518	prefix	IMG	8422272
3519	infix	pt-202	1891757
3520	prefix	IMG_20	2773337
3521	infix	schema-	3778415
3522	infix	ng-v4.x	8107520
3523	path_fragment	accounting/media	6360413
3524	prefix	server	7493975
3525	path_fragment	admin/migrations/IMG	5450302
3526	prefix	track	1220124
3527	semantic	client sheet about network	3895
3528	infix	-2024-11	1100328
3529	prefix	confi	5213487
3530	prefix	sam	1994305
3531	infix	annual.p	1401508
3532	semantic	security scratch about security	3466
3533	path_fragment	2021/styles/pro	7598099
3534	prefix	finance-	8136602
3535	infix	rate	3034201
3536	prefix	onboa	1736908
3537	prefix	plan	1046249
3538	infix	026-01	741668
3539	path_fragment	Documents/2021	5546215
3540	infix	-02-09.	3233553
3541	prefix	campaig	8535520
3542	infix	ndor.r	1497755
3543	prefix	sprint-	804157
3544	prefix	trans	6885888
3545	semantic	kickoff client about estimate	2220
3546	path_fragment	legal/服务	2108105
3547	path_fragment	Pictures/utils/rev	7432602
3548	infix	202505	9128938
3549	prefix	legacy-	52783
3550	path_fragment	2025/operations	4682777
3551	prefix	trans	1438668
3552	prefix	sur	2626850
3553	infix	-07-02.	5590104
3554	infix	istics-	221995
3555	infix	215_1271	204643
3556	path_fragment	outbox/tests	3489295
3557	prefix	sett	9772534
3558	semantic	estimate system about proposal	2331
3559	prefix	shee	4943956
3560	prefix	secu	1135119
3561	prefix	planning	3830455
3562	path_fragment	packages/2025/onb	5962719
3563	path_fragment	engineering/android/inv	3131396
3564	infix	atem	8107163
3565	infix	roll-v	2845173
3566	prefix	imp	2571246
3567	infix	019-0	6035078
3568	prefix	timeline	4694941
3569	semantic	build device about security	2489
3570	path_fragment	images/styles	3709226
3571	infix	sfer	6228010
3572	path_fragment	inbox/웹/pri	7224824
3573	prefix	pipel	6776175
3574	prefix	expor	2408190
3575	infix	tics-b	4183354
3576	prefix	sched	86409
3577	infix	fest_st	1986313
3578	semantic	restore data about header	3017
3579	prefix	revie	5106471
3580	infix	ine_netw	7405975
3581	prefix	ser	8482898
3582	path_fragment	2021/archive	6755092
3583	prefix	sync	5924589
3584	prefix	kickof	4365096
3585	infix	ponse-i	6833106
3586	semantic	ledger quarterly about output	2238
3587	infix	otot	8220166
3588	path_fragment	engineering/src	7036707
3589	prefix	annual	7759191
3590	path_fragment	Documents/static	5090299
3591	prefix	device	6005768
3592	semantic	testing customer about image	2027
3593	path_fragment	styles/personal	8506235
3594	infix	e-pric	6036219
3595	infix	aderSt	5399720
3596	prefix	project-	7707175
3597	prefix	finance	6316519
3598	infix	re-cac	2223327
3599	prefix	respon	6834807
3600	path_fragment	android/服务/sto	4974245
3601	infix	utVen	4401393
3602	infix	tegy-req	5976747
3603	infix	hema.l	6312182
3604	path_fragment	Music/2025	1971218
3605	prefix	dashb	5540268
3606	prefix	IMG_20	2553311
3607	semantic	service archive about import	764
3608	prefix	timeli	1030445
3609	prefix	dashboa	1419811
3610	path_fragment	team/vendors	3602735
3611	prefix	relea	3654681
3612	path_fragment	admin/backend	4027832
3613	infix	schem	9856190
3614	semantic	script portrait about prototype	2777
3615	prefix	IMG_2	8605708
3616	infix	e-me	1196695
3617	prefix	IMG_2	2293630
3618	prefix	package-	1733175
3619	infix	ect-pre	9338430
3620	infix	23.p	6425687
3621	prefix	sta	8260830
3622	prefix	packag	7319177
3623	semantic	backup receipt about export	2107
3624	infix	kflow.jp	5834017
3625	prefix	Layo	1766727
3626	path_fragment	research/outbox	3553098
3627	prefix	forecast	7887293
3628	path_fragment	2023/frontend	6154719
3629	infix	store-	5455863
3630	prefix	pipe	7853646
3631	path_fragment	tests/misc/pay	3946379
3632	infix	4-01-0	6675396
3633	infix	report.	2725720
3634	infix	al-re	9551483
3635	prefix	pat	2666312
3636	semantic	ledger archive about overview	3495
3637	path_fragment	Documents/legal/met	2534489
3638	prefix	logist	5302078
3639	prefix	draf	5892762
3640	prefix	setting	5120235
3641	path_fragment	Downloads/modules/res	144191
3642	prefix	upda	742091
3643	infix	r_snapsh	5862554
3644	prefix	roll	8242300
3645	prefix	aud	7920594
3646	path_fragment	Projects/reports/pla	7342173
3647	infix	opTransc	8591856
3648	infix	54746.t	2343582
3649	semantic	contract project about internal	139
3650	path_fragment	packages/marketing/scr	8955514
3651	infix	01_2	1802561
3652	infix	969.	6420559
3653	semantic	logistics server about server	129
3654	prefix	tim	4865762
3655	path_fragment	photos/デザイン/roa	7097518
3656	prefix	licens	7703310
3657	infix	copy 2	7542575
3658	prefix	reco	9557995
3659	prefix	licen	5322509
3660	infix	-led	418739
3661	prefix	mock	12621
3662	infix	rt-v9.	2515581
3663	path_fragment	exports/mobile/pro	233814
3664	prefix	IMG_	393321
3665	infix	gs-20	1188974
3666	prefix	transfe	1874552
3667	path_fragment	docs/2022	5274070
3668	semantic	data scratch about legacy	3898
3669	prefix	IMG_	7378908
3670	prefix	uploa	5238260
3671	path_fragment	workspace/outbox/IMG	5506055
3672	infix	ting.j	3139303
3673	prefix	backu	6776905
3674	infix	s_pro	4673248
3675	semantic	pricing transcript about server	2820
3676	prefix	refact	9485187
3677	path_fragment	photos/public/syn	1124425
3678	infix	act-v9	7428056
3679	prefix	resourc	4857499
3680	infix	tesMeeti	8022338
3681	path_fragment	modules/models/ver	7936622
3682	prefix	Bac	2164777
3683	prefix	schem	6665034
3684	prefix	poli	5773552
3685	path_fragment	2026/models/rol	9008191
3686	infix	ntat	6942398
3687	semantic	video budget about logistics	2036
3688	infix	Resear	4931065
3689	prefix	sessi	9547536
3690	prefix	mockup	4646799
3691	infix	-screens	973503
3692	path_fragment	Pictures/exports	5467750
3693	infix	ut-r	1431573
3694	infix	-stor	5164806
3695	semantic	service system about resource	3760
3696	path_fragment	src/src/out	6371
3697	prefix	metr	2251369
3698	prefix	ledg	434484
3699	prefix	estim	1268336
3700	prefix	stag	7363234
3701	infix	chive-20	9622751
3702	prefix	payr	6951174
3703	prefix	kick	3386407
3704	infix	nal.	3623148
3705	path_fragment	operations/migrations/IMG	8027334
3706	semantic	output logistics about notes	270
3707	path_fragment	team/backend/sto	2594097
3708	prefix	cont	7739148
3709	infix	t.xl	9289378
3710	infix	stem-2	9126168
3711	semantic	schedule hotfix about tracking	2685
3712	prefix	produ	8227966
3713	infix	-10-01.t	6996787
3714	prefix	networ	9380458
3715	prefix	data-su	6651532
3716	prefix	sample-	2621311
3717	infix	_4832	6155084
3718	path_fragment	Projects/targets/ass	6013292
3719	path_fragment	public/products/syn	327200
3720	infix	ource-ro	8158070
3721	path_fragment	Desktop/tools	1965262
3722	prefix	dat	5792932
3723	prefix	Hea	8306502
3724	prefix	legac	9317020
3725	infix	ent.y	6009775
3726	prefix	audit-s	997312
3727	path_fragment	core/migrations/IMG	432912
3728	infix	mary_w	9654279
3729	semantic	template import about transcript	3753
3730	infix	edule-es	2572794
3731	infix	e-sess	6148574
3732	prefix	resourc	2194594
3733	semantic	version summary about template	2823
3734	prefix	budg	3594018
3735	path_fragment	Desktop/2019	7540864
3736	prefix	mockup	3502930
3737	prefix	rest	5671991
3738	path_fragment	archive/tests/das	2906514
3739	infix	nsfer	5786123
3740	prefix	diagra	8498918
3741	prefix	onboa	8335711
3742	semantic	kickoff contract about network	1500
3743	infix	ity_port	8492536
3744	prefix	strateg	3486202
3745	infix	2604	3831099
3746	prefix	custo	1743404
3747	path_fragment	Pictures/mobile	2166511
3748	infix	erSche	9508359
3749	path_fragment	Projects/hr/pre	154691
3750	prefix	snap	2222521
3751	infix	cratch	7692120
3752	prefix	works	800450
3753	path_fragment	imports/targets	2510054
3754	infix	ing-ma	5136276
3755	semantic	build release about planning	1313
3756	prefix	IMG	8986036
3757	path_fragment	docs/frontend	2837606
3758	prefix	monthl	4156491
3759	infix	ache.cs	343385
3760	prefix	planni	4396286
3761	path_fragment	images/imports	5076740
3762	prefix	Testi	9628876
3763	infix	hot.l	405749
3764	prefix	IMG_2	9627747
3765	semantic	render migration about hotfix	4059
3766	infix	le-2023	1633401
3767	infix	roject-p	8355284
3768	path_fragment	inbox/服务/Vid	7792208
3769	prefix	manif	4646895
3770	infix	sfer	3111075
3771	path_fragment	服务/2024	5698520
3772	prefix	layout-w	8188574
3773	path_fragment	outbox/2023	1931835
3774	prefix	usag	1683136
3775	infix	27.jp	11235
3776	semantic	security sandbox about manifest	2001
3777	prefix	schedu	8125524
3778	prefix	meeting-	7657308
3779	infix	up-ve	4309884
3780	path_fragment	tools/research	2845460
3781	path_fragment	shared/misc/sys	4261034
3782	semantic	scratch license about storage	1056
3783	infix	py 2).jp	3674161
3784	prefix	IMG_20	3420139
3785	prefix	sna	712681
3786	prefix	IMG_20	3270457
3787	prefix	cont	9873012
3788	infix	evice_sk	9850512
3789	infix	up-2019-	3717994
3790	infix	e-secur	5897299
3791	path_fragment	infra/operations/sch	5306720
3792	infix	o.pn	9399219
3793	prefix	logisti	2191508
3794	infix	video.lo	3369851
3795	prefix	pack	6477513
3796	prefix	storage	6972314
3797	semantic	overview proposal about report	1630
3798	prefix	hot	435983
3799	path_fragment	personal/tests/net	1622343
3800	infix	port-pr	3087416
3801	prefix	dra	7477423
3802	infix	tes.p	9725164
3803	semantic	budget session about data	1348
3804	prefix	handoff	9723019
3805	prefix	resea	4252946
3806	path_fragment	android/models/bui	2788651
3807	path_fragment	2024/research	1092139
3808	prefix	IMG_2021	6549389
3809	infix	ickof	6629756
3810	prefix	rollou	4320586
3811	prefix	budget	4899654
3812	path_fragment	lib/operations	8806672
3813	path_fragment	public/quarterly	2168852
3814	infix	230801_	9518975
3815	infix	thly.xl	1399599
3816	semantic	render workshop about render	1611
3817	infix	t-202	5126333
3818	prefix	finance-	8821444
3819	prefix	stat	1146138
3820	path_fragment	modules/accounting/rec	9315142
3821	infix	egy_spec	4455656
3822	prefix	pla	9714346
3823	infix	g-rec	644589
3824	semantic	product release about service	3115
3825	path_fragment	inbox/images	4143483
3826	prefix	Setti	3010633
3827	infix	eHotfix	9489601
3828	prefix	quarte	4295962
3829	prefix	layo	6743680
3830	prefix	handoff-	3237777
3831	infix	s-202	4702898
3832	prefix	prototyp	4298633
3833	semantic	presentation security about receipt	51
3834	prefix	sessio	4193005
3835	infix	Minute	5228817
3836	prefix	schema-	3742320
3837	path_fragment	clients/infra/vid	2802340
3838	path_fragment	migrations/research	2598065
3839	infix	ort_stor	8073999
3840	prefix	IMG_	6558689
3841	path_fragment	shared/legal	6045097
3842	prefix	import	4789438
3843	path_fragment	lib/tests	6270862
3844	semantic	rollout proposal about meeting	1616
3845	infix	09-11.p	8789939
3846	prefix	asset	5966161
3847	infix	esear	4042856
3848	prefix	sys	8044039
3849	infix	y 2).t	7072808
3850	prefix	invoi	2593851
3851	prefix	handof	9480445
3852	prefix	transc	7210663
3853	infix	icen	5273293
3854	path_fragment	2021/clients	7188238
3855	infix	ollout-	98497
3856	infix	n-2025	4350838
3857	path_fragment	Pictures/platform	5831913
3858	prefix	mani	2728197
3859	semantic	transcript support about invoice	1680
3860	infix	py 1).tx	7682345
3861	path_fragment	common/服务/sam	3710800
3862	semantic	budget proposal about forecast	2198
3863	prefix	IMG	6741400
3864	prefix	handoff	7009577
3865	prefix	interna	3428902
3866	infix	age-202	62353
3867	path_fragment	Documents/modules/ren	9588259
3868	prefix	cache-2	91703
3869	infix	rics.jp	3506445
3870	prefix	supp	1128812
3871	infix	e-le	921664
3872	prefix	quart	4237755
3873	infix	1 (c	3108380
3874	infix	4-15	9522613
3875	prefix	des	8093053
3876	semantic	migration delivery about minutes	2362
3877	prefix	IMG	6196366
3878	path_fragment	infra/operations/roa	9374387
3879	path_fragment	public/examples	7766702
3880	semantic	version export about hotfix	2873
3881	infix	02-13	5332702
3882	prefix	produc	1546666
3883	path_fragment	common/utils/est	57487
3884	infix	otype	3812645
3885	path_fragment	Music/resources/exp	7361632
3886	prefix	Req	1769621
3887	prefix	final-	3644142
3888	infix	box-20	1816419
3889	prefix	templa	9709720
3890	infix	ne-v9.d	8611254
3891	prefix	mockup	430219
3892	prefix	sprint-2	52939
3893	prefix	led	3276168
3894	infix	tes-min	5707192
3895	path_fragment	Pictures/staging	6247722
3896	infix	ff-v4.m	2311244
3897	semantic	internal archive about annual	2777
3898	prefix	IMG_202	6439540
3899	path_fragment	docs/infra	2585805
3900	prefix	stat	2869481
3901	infix	gisti	8947237
3902	prefix	transcr	9768970
3903	infix	v5.t	2827820
3904	infix	wSet	4901410
3905	prefix	out	1474003
3906	path_fragment	team/legal/rev	1648352
3907	path_fragment	infra/examples/pip	9919423
3908	prefix	hand	681077
3909	semantic	contract survey about client	2691
3910	path_fragment	targets/2021	6927390
3911	prefix	sess	6520518
3912	prefix	logi	1465227
3913	prefix	stagin	7585888
3914	infix	imat	4925615
3915	infix	al-v1.do	177709
3916	infix	y-po	1367718
3917	prefix	ver	8626186
3918	path_fragment	Desktop/imports	377236
3919	semantic	invoice overview about output	3748
3920	path_fragment	models/デザイン/IMG	2586586
3921	prefix	secur	2853814
3922	semantic	internal support about update	2955
3923	infix	system_s	5724326
3924	infix	ld-ses	3516438
3925	prefix	wor	6647896
3926	infix	5-28.	5625335
3927	path_fragment	operations/utils/led	9738260
3928	prefix	IMG_20	6455532
3929	prefix	survey	1854305
3930	prefix	respon	969608
3931	semantic	pricing survey about meeting	3673
3932	infix	ex-v1.	9899369
3933	prefix	pipeli	8352612
3934	path_fragment	Pictures/static/pre	5925111
3935	infix	ne-i	5696801
3936	path_fragment	api/engineering	1438579
3937	infix	03-23.	2072617
3938	prefix	serv	5483383
3939	prefix	back	147735
3940	prefix	rollout	6600876
3941	path_fragment	Music/frontend/net	535724
3942	infix	3454	8075008
3943	prefix	Audit	214491
3944	infix	fer.	4149989
3945	prefix	Logis	5827707
3946	prefix	manifes	9195947
3947	infix	veryM	3834935
3948	semantic	testing planning about resource	1704
3949	path_fragment	Videos/packages	6551981
3950	prefix	diagram-	8376160
3951	infix	_190989.	1428935
3952	path_fragment	Pictures/resources	4469549
3953	semantic	receipt receipt about settings	3488
3954	infix	rkflow.x	8633373
3955	prefix	confi	1003916
3956	path_fragment	Projects/backend	4306615
3957	infix	ce-2023-	397010
3958	prefix	IMG_20	1415112
3959	prefix	usage-	3447898
3960	prefix	request	6417483
3961	path_fragment	2022/photos	5568716
3962	prefix	logistic	6822672
3963	infix	ff-syn	7965652
3964	infix	inde	8227833
3965	infix	es.do	5502784
3966	prefix	output-v	9325700
3967	semantic	dashboard kickoff about logistics	3004
3968	path_fragment	Pictures/workspace/ind	9431668
3969	prefix	license	7993064
3970	infix	ckup.	6769201
3971	semantic	profile import about engine	1008
3972	path_fragment	2026/infra	2088918
3973	path_fragment	src/2024/bud	2150412
3974	prefix	stateme	8262324
3975	prefix	cli	1873423
3976	infix	rtrai	7053899
3977	infix	-clie	4403755
3978	prefix	dashboa	66887
3979	prefix	vendo	7786539
3980	infix	t-serv	1203649
3981	prefix	payro	4735939
3982	infix	contra	4678942
3983	prefix	stag	6610924
3984	prefix	respo	7864525
3985	semantic	rollout monthly about snapshot	3532
3986	path_fragment	modules/core/sum	6360376
3987	prefix	mockup	9636788
3988	path_fragment	mobile/exports	5654949
3989	infix	rofile-v	2729628
3990	prefix	receipt-	5859635
3991	prefix	rep	6726043
3992	infix	25-01-	9348801
3993	prefix	IMG_2	2669356
3994	prefix	survey-	9441217
3995	semantic	archive annual about annual	391
3996	path_fragment	research/2019/sup	5992597
3997	infix	ge-con	5189647
3998	infix	rce-u	3348820
3999	path_fragment	hr/2022/Cli	4182387
4000	semantic	policy staging about meeting	2364
4001	path_fragment	staging/research/arc	8319333
4002	infix	-2024-02	8806711
4003	prefix	annua	1142015
4004	prefix	handove	8455816
4005	path_fragment	team/packages/she	6287911
4006	infix	-restore	3251360
4007	infix	st-finan	4569886
4008	prefix	session	3862805
4009	prefix	profile	701297
4010	infix	0-12	9285734
4011	path_fragment	images/personal	4955527
4012	prefix	sprint-	1983575
4013	infix	Server.x	2276790
4014	semantic	transfer report about engine	2376
4015	prefix	inter	1828700
4016	prefix	settings	8038899
4017	prefix	IMG_	9169428
4018	path_fragment	Desktop/服务/qua	8149296
4019	infix	aft_st	174994
4020	prefix	suppor	2249185
4021	infix	eWorkfl	6344259
4022	infix	nc-v	4446772
4023	infix	timelin	6443278
4024	prefix	lay	9903403
4025	path_fragment	2022/workspace	4140526
4026	prefix	engi	63576
4027	path_fragment	Documents/2019	3905200
4028	semantic	planning resource about tracking	3478
4029	prefix	scra	2997184
4030	prefix	IMG_2	4007196
4031	prefix	sch	4958667
4032	semantic	pipeline logistics about monthly	240
4033	path_fragment	2026/personal	3007071
4034	path_fragment	2020/quarterly	4862566
4035	infix	eensh	3128565
4036	prefix	Meet	3968379
4037	infix	-202	9818722
4038	prefix	sample-v	6478983
4039	infix	ing-r	9626640
4040	path_fragment	exports/clients	3362152
4041	prefix	index	4996859
4042	prefix	IMG_2020	6510282
4043	path_fragment	targets/products	7906106
4044	semantic	research script about service	2272
4045	infix	sfer-	9586388
4046	prefix	script-2	2104609
4047	prefix	RenderS	2810850
4048	infix	01-25.j	6760889
4049	infix	-14.pd	1885665
4050	infix	arch.doc	1854891
4051	infix	tement.	3600777
4052	infix	pt-2	6434727
4053	prefix	product_	748936
4054	path_fragment	utils/2021	4758968
4055	semantic	budget usage about forecast	3290
4056	path_fragment	android/backend	5965316
4057	prefix	index-	3637159
4058	prefix	ove	5412594
4059	prefix	restore-	9739944
4060	prefix	contr	6212939
4061	path_fragment	デザイン/archive	3648629
4062	infix	ndov	2633052
4063	infix	cript-	4785470
4064	infix	ets-2021	4075251
4065	prefix	session-	3093768
4066	prefix	Cac	1649243
4067	path_fragment	targets/docs	9797989
4068	prefix	templat	9490972
4069	semantic	migration wireframe about usage	1823
4070	path_fragment	shared/デザイン/IMG	7746463
4071	infix	pload	9528691
4072	semantic	pipeline header about strategy	2341
4073	prefix	vendor-r	5780465
4074	prefix	handover	4499724
4075	prefix	sync-sk	4223308
4076	path_fragment	Documents/デザイン/sur	1646326
4077	prefix	pro	1933378
4078	infix	ofil	4445464
4079	infix	ngine_h	8318104
4080	infix	mmar	4582035
4081	prefix	plannin	8156778
4082	semantic	rollout snapshot about proposal	52
4083	path_fragment	backend/src	8295581
4084	infix	ine-vend	8201229
4085	prefix	patch	8330978
4086	prefix	contra	3094998
4087	infix	.ppt	4344704
4088	prefix	finance-	5859135
4089	path_fragment	team/scripts/dat	3332413
4090	prefix	dashboar	318114
4091	infix	mpaign-v	3712868
4092	infix	ckage-pr	6335365
4093	infix	olicy.cs	4223263
4094	prefix	engin	2092656
4095	prefix	sync-pr	5807362
4096	semantic	tracking script about upload	965
4097	path_fragment	lib/public	6148320
4098	path_fragment	operations/research	3013625
4099	prefix	IMG_202	8418138
4100	prefix	reque	1259088
4101	prefix	logist	6497877
4102	prefix	netwo	8421088
4103	path_fragment	scripts/customers	6905742
4104	infix	3320.c	8386090
4105	prefix	she	364522
4106	infix	stomer.	3908352
4107	infix	fest-v	4564986
4108	semantic	diagram response about statement	3730
4109	path_fragment	packages/src	5374353
4110	prefix	leg	2758417
4111	prefix	session-	315384
4112	path_fragment	inbox/src	2012795
4113	path_fragment	2023/デザイン	257038
4114	infix	e_contr	763614
4115	prefix	finance	5373769
4116	infix	er-w	2065906
4117	prefix	devi	8283147
4118	semantic	backup vendor about meeting	1765
4119	infix	sage	915936
4120	prefix	header_	4896744
4121	path_fragment	accounting/mobile/IMG	5214465
4122	infix	2020092	8802968
4123	path_fragment	Downloads/sales	342234
4124	prefix	prod	1894068
4125	infix	-pipelin	5017595
4126	semantic	cache manifest about usage	828
4127	prefix	ind	7526136
4128	infix	-06-1	3018840
4129	prefix	usage-me	8651177
4130	prefix	int	8784721
4131	infix	ansfer.	4951886
4132	path_fragment	team/backend	9477455
4133	prefix	month	7312304
4134	prefix	wor	2149762
4135	prefix	requ	2695395
4136	infix	vey-2024	2841915
4137	path_fragment	backend/frontend/sup	2706542
4138	infix	ll-p	6335103
4139	semantic	index overview about sprint	1217
4140	infix	3378	3678857
4141	infix	rait	5415336
4142	path_fragment	2023/clients	8989117
4143	prefix	output	5296066
4144	semantic	layout overview about settings	2820
4145	path_fragment	exports/frontend	1990043
4146	prefix	securit	1287053
4147	prefix	handoff-	3207792
4148	prefix	server-v	2665127
4149	infix	gn-syst	2703803
4150	infix	ign-2021	2737643
4151	infix	sage-v6.	2458242
4152	prefix	scrip	5293040
4153	prefix	desi	900627
4154	path_fragment	2019/mobile	395490
4155	path_fragment	2021/reports/res	3869793
4156	infix	t_dashb	9488702
4157	semantic	prototype delivery about hotfix	2825
4158	prefix	onboardi	3196800
4159	prefix	onbo	6626515
4160	infix	st_t	4690644
4161	prefix	roadma	7003630
4162	infix	ecifi	4245471
4163	prefix	mee	3068914
4164	infix	rch.t	6293530
4165	prefix	pip	4718565
4166	path_fragment	styles/fixtures	2675391
4167	semantic	statement ledger about network	2416
4168	prefix	proposa	9511899
4169	path_fragment	modules/migrations	7168905
4170	infix	ey-v8.sv	5801317
4171	infix	eet-v	3853141
4172	path_fragment	Pictures/frontend/req	3309246
4173	infix	draft.	5782107
4174	prefix	kicko	3108091
4175	prefix	Cam	2765873
4176	prefix	not	8586453
4177	semantic	audit presentation about system	248
4178	path_fragment	images/frontend	9744154
4179	prefix	recordin	4783550
4180	prefix	spe	1090350
4181	infix	esource	901548
4182	infix	utput	2045607
4183	infix	ign.	3337799
4184	path_fragment	Downloads/support	5408754
4185	semantic	device dashboard about header	2616
4186	prefix	payroll-	409559
4187	prefix	Respon	4803205
4188	prefix	upload-2	4481169
4189	path_fragment	static/migrations	1553328
4190	prefix	requ	8269268
4191	path_fragment	2021/sales/ass	216348
4192	prefix	IMG_202	2179406
4193	prefix	IMG_	1260924
4194	prefix	transf	9576804
4195	semantic	research forecast about product	666
4196	infix	Storage	9054101
4197	infix	napshot-	7375512
4198	path_fragment	Pictures/styles	3561214
4199	infix	search-s	7517477
4200	prefix	scratch-	7762282
4201	prefix	inv	3039620
4202	prefix	legacy	2548463
4203	prefix	outpu	6669570
4204	infix	eceipt.x	1722679
4205	infix	ly-cac	9405718
4206	infix	022-01-1	9249467
4207	path_fragment	accounting/marketing/rec	2131091
4208	path_fragment	vendors/research	8627489
4209	semantic	system research about build	2041
4210	path_fragment	tests/common/Ove	8538316
4211	infix	ifest.m	6583540
4212	path_fragment	Pictures/vendors	8528430
4213	prefix	resea	9026195
4214	prefix	securi	1933182
4215	prefix	scr	9544641
4216	semantic	workflow request about transcript	597
4217	prefix	mont	7660254
4218	infix	2-04.tx	4882355
4219	infix	ndor.do	6440075
4220	infix	-index-	9560771
4221	prefix	proje	8763971
4222	path_fragment	outbox/2024/lay	6089565
4223	path_fragment	デザイン/admin/ser	958096
4224	prefix	fina	5996998
4225	prefix	expor	8121850
4226	infix	0-07-21	3830154
4227	semantic	security tracking about rollout	3462
4228	prefix	IMG_20	9452784
4229	infix	melin	2480741
4230	prefix	scr	1010671
4231	infix	session-	4550858
4232	prefix	PatchT	6105238
4233	prefix	transfe	7088074
4234	path_fragment	team/sales/del	7428711
4235	infix	oard	8911535
4236	infix	_policy	5450483
4237	semantic	budget presentation about workflow	3391
4238	path_fragment	support/scripts	3755330
4239	prefix	render	1239605
4240	path_fragment	2020/public	5035808
4241	prefix	sand	6650629
4242	infix	G_202	5573379
4243	semantic	policy forecast about survey	2203
4244	prefix	usage	8427949
4245	prefix	IMG_	8390450
4246	infix	-wir	2073589
4247	prefix	invo	7386128
4248	infix	25_91	9722740
4249	path_fragment	team/customers	9373677
4250	path_fragment	models/marketing	6180817
4251	semantic	kickoff upload about license	690
4252	prefix	ske	6935447
4253	prefix	planni	876571
4254	prefix	asse	5802654
4255	infix	ayout.h	7391167
4256	prefix	network-	1557998
4257	infix	t-v1.xls	7739067
4258	path_fragment	Desktop/docs	806057
4259	infix	ot-v2.	7553655
4260	semantic	support package about archive	19
4261	infix	trait-se	8255507
4262	prefix	backup-2	6834062
4263	path_fragment	웹/staging	7775463
4264	prefix	note	2139469
4265	infix	40426_68	9176406
4266	path_fragment	core/core	1290954
4267	prefix	hand	8260103
4268	infix	e.sv	4842204
4269	prefix	pro	1862716
4270	prefix	audit-	4090760
4271	infix	eline.l	8174575
4272	prefix	backup	678615
4273	path_fragment	team/backend/sur	3693894
4274	infix	rage	4267211
4275	path_fragment	components/legal/ind	3716239
4276	infix	7522.	67294
4277	semantic	video config about logistics	3816
4278	prefix	tracking	3052736
4279	prefix	schedule	108964
4280	semantic	planning license about engine	468
4281	path_fragment	media/2026/led	6592765
4282	infix	_111	8456714
4283	prefix	vendo	9299556
4284	infix	tics.	371469
4285	prefix	scri	7080030
4286	prefix	sheet-20	4807819
4287	infix	urceLe	5279730
4288	prefix	surv	9563191
4289	path_fragment	服务/2023/bud	6504801
4290	infix	-2021-	6450256
4291	path_fragment	public/vendors/spr	1502873
4292	semantic	service release about sync	2755
4293	infix	-restore	8880842
4294	path_fragment	clients/fixtures	4386344
4295	prefix	onbo	9122620
4296	prefix	hotfix-	1048134
4297	prefix	ske	1060026
4298	infix	nfig-	1569899
4299	prefix	impo	1742814
4300	infix	raft-v	3067084
4301	prefix	script-	7841288
4302	prefix	Audi	1384447
4303	semantic	workshop design about presentation	2894
4304	infix	-time	1925161
4305	prefix	system-r	3494639
4306	infix	Contr	5892060
4307	prefix	sample-h	3267236
4308	path_fragment	Desktop/research/tra	6174818
4309	path_fragment	hr/clients/out	705212
4310	prefix	legacy	8075880
4311	prefix	upload-v	6101200
4312	path_fragment	웹/mobile	3293729
4313	infix	_portrai	4084144
4314	semantic	dashboard security about minutes	1622
4315	path_fragment	docs/服务	301277
4316	infix	up-2025-	6420245
4317	prefix	finance	8444042
4318	infix	ecifica	1768498
4319	prefix	script_	5283305
4320	infix	5-01-1	2648961
4321	prefix	rollou	74832
4322	prefix	trac	4639343
4323	path_fragment	backend/vendors	7037298
4324	infix	t-spec	823295
4325	infix	ement	4422593
4326	semantic	wireframe workflow about statement	3445
4327	prefix	inde	5875444
4328	prefix	sess	752477
4329	path_fragment	mobile/targets	2071055
4330	infix	ync-	3252598
4331	semantic	workshop quarterly about project	3965
4332	prefix	inde	5343221
4333	infix	23_4989	6653913
4334	prefix	IMG_	6829749
4335	prefix	IMG	7788175
4336	path_fragment	infra/android	2131787
4337	path_fragment	outbox/products	4717877
4338	infix	26-0	9974853
4339	prefix	networ	8472185
4340	infix	9-08-08.	4728320
4341	path_fragment	sales/public	8557016
4342	semantic	proposal prototype about sketch	3096
4343	path_fragment	archive/tools	9291474
4344	prefix	moc	6543273
4345	infix	otes-v9	3161859
4346	prefix	data-	8067704
4347	infix	ntract	8923305
4348	prefix	con	5441942
4349	prefix	state	6738355
4350	semantic	settings overview about assets	2019
4351	infix	19071	5123998
4352	infix	script-p	1198408
4353	path_fragment	2025/archive/int	4132404
4354	prefix	qua	3756675
4355	infix	orageS	9321006
4356	prefix	IMG_2020	6489668
4357	prefix	sess	9260615
4358	path_fragment	utils/images	8591210
4359	prefix	ove	503779
4360	prefix	revie	2153660
4361	semantic	campaign profile about manifest	4021
4362	infix	udit	7090508
4363	prefix	AssetsH	2095812
4364	path_fragment	frontend/misc	8111411
4365	prefix	IMG_202	3647529
4366	path_fragment	clients/benchmarks	1579240
4367	prefix	strategy	4154255
4368	infix	ings-te	76215
4369	infix	8_304821	3811225
4370	infix	eceip	3029238
4371	prefix	request	5793391
4372	prefix	summa	1070595
4373	prefix	handof	5434182
4374	prefix	Onboardi	7206612
4375	path_fragment	docs/migrations	3488729
4376	infix	script.	3241401
4377	infix	tract-2	9522073
4378	semantic	resource handover about workshop	3698
4379	path_fragment	customers/웹/IMG	9757898
4380	infix	025-1	5547198
4381	prefix	service-	7115463
4382	prefix	Resp	1480183
4383	prefix	custom	5751235
4384	prefix	Sur	8963673
4385	infix	hboard	4242975
4386	path_fragment	targets/docs/Bud	3865707
4387	path_fragment	outbox/migrations	6476939
4388	infix	oject-cu	4829321
4389	semantic	roadmap portrait about budget	2408
4390	prefix	mig	7877883
4391	infix	rollout	5220409
4392	prefix	Scr	7323869
4393	prefix	roa	2798420
4394	path_fragment	resources/products/set	9478735
4395	semantic	build metrics about index	1925
4396	infix	s-v4.	8170949
4397	path_fragment	デザイン/common/IMG	9537248
4398	infix	ntation-	4642043
4399	prefix	policy_a	1646351
4400	prefix	Wire	5824827
4401	path_fragment	Videos/platform/roa	4389511
4402	prefix	sket	5433202
4403	prefix	Tran	3393589
4404	semantic	roadmap statement about monthly	142
4405	infix	rint	2197530
4406	infix	thly-mi	4031125
4407	path_fragment	vendors/infra/Arc	49408
4408	prefix	foreca	242494
4409	infix	h-pipe	9390630
4410	infix	der-v7.z	1547870
4411	infix	-audit.	2705515
4412	infix	ortrait_	83511
4413	prefix	delive	8327003
4414	prefix	ses	6974451
4415	path_fragment	engineering/targets/req	564483
4416	prefix	ske	9463198
4417	prefix	dashbo	927333
4418	semantic	kickoff roadmap about sketch	2439
4419	path_fragment	personal/reports/ses	1771723
4420	path_fragment	Downloads/photos	4347931
4421	infix	_usage	1313162
4422	path_fragment	Desktop/mobile	9099507
4423	infix	ion.jp	4888172
4424	semantic	budget rollout about research	945
4425	infix	esourc	2312341
4426	prefix	render-	1145664
4427	prefix	lice	8833631
4428	prefix	estimat	7688393
4429	prefix	ledg	4802358
4430	prefix	Onboard	5701835
4431	infix	25-12	7597369
4432	infix	rt-2024-	5085716
4433	prefix	layout	8349960
4434	infix	oice-ref	6733281
4435	path_fragment	images/2020	2331757
4436	semantic	staging statement about schema	854
4437	path_fragment	infra/utils	8171723
4438	prefix	repo	6229841
4439	prefix	migr	5334264
4440	prefix	snap	2380056
4441	semantic	payroll transfer about archive	3905
4442	path_fragment	resources/2025/dat	7806927
4443	infix	3-03.htm	8352970
4444	infix	rint-rev	8134637
4445	path_fragment	misc/archive/imp	5847654
4446	prefix	pay	7707106
4447	prefix	script-2	624218
4448	prefix	syste	5617288
4449	infix	ntern	8893191
4450	prefix	record	9069658
4451	semantic	schema manifest about support	3624
4452	infix	p-proj	7300776
4453	path_fragment	2026/sales/con	3652310
4454	prefix	servi	2487809
4455	infix	ema-back	670076
4456	prefix	syn	4723730
4457	path_fragment	workspace/migrations/han	850118
4458	prefix	snap	5750478
4459	infix	ment.lo	981659
4460	path_fragment	archive/웹	4580143
4461	prefix	survey_f	8643632
4462	infix	-uploa	6388029
4463	infix	ion-sy	8658184
4464	path_fragment	Music/targets/pay	9118385
4465	prefix	update-2	9450979
4466	prefix	Quarterl	5066974
4467	infix	ding-v	6504581
4468	prefix	refact	1537867
4469	semantic	sandbox contract about report	975
4470	prefix	pro	8559163
4471	path_fragment	migrations/static	6993412
4472	prefix	logis	9766494
4473	infix	17_12	6916367
4474	path_fragment	misc/2020	8867485
4475	infix	g-kicko	2895037
4476	prefix	video-	8887778
4477	semantic	license policy about review	2488
4478	prefix	kic	8466165
4479	infix	ct_stra	8734083
4480	prefix	session-	3469663
4481	prefix	IMG_2022	9539318
4482	prefix	fin	967445
4483	infix	etrics	9768586
4484	infix	_timel	7159040
4485	prefix	hotfix	526221
4486	path_fragment	Pictures/outbox/tra	3786436
4487	infix	et-v1	1115093
4488	path_fragment	shared/utils	8223553
4489	semantic	workshop script about backup	3281
4490	prefix	legacy-n	6028751
4491	path_fragment	2025/quarterly/min	6508285
4492	prefix	specific	7493721
4493	prefix	han	1510309
4494	infix	g-v9 (c	9422134
4495	path_fragment	research/2025/man	6143036
4496	prefix	script-	4047441
4497	infix	882170.c	8525823
4498	infix	nal-rep	451830
4499	semantic	usage prototype about screenshot	1896
4500	prefix	mockup	6477648
4501	infix	9252	6704936
4502	prefix	Sta	6502594
4503	path_fragment	Downloads/2026	92553
4504	infix	buil	9095340
4505	path_fragment	sales/static	2059732
4506	semantic	estimate handoff about workshop	3298
4507	prefix	proj	4208635
4508	prefix	index-s	3427420
4509	infix	-sample	658349
4510	prefix	notes-2	7560252
4511	infix	1-04-	3623663
4512	prefix	dashbo	8884257
4513	prefix	statemen	715886
4514	infix	aign-2	1052813
4515	semantic	audit sync about update	239
4516	path_fragment	models/components/for	5353349
4517	path_fragment	shared/public/moc	4596678
4518	prefix	transfer	8986995
4519	infix	erview.	8894353
4520	prefix	hotfix-	951478
4521	semantic	receipt sample about rollout	903
4522	path_fragment	legal/platform/san	7468501
4523	prefix	Dra	2144292
4524	prefix	secur	2460111
4525	infix	verDra	1924983
4526	infix	shop-fo	1105105
4527	path_fragment	2020/tests/spe	4822986
4528	infix	etwork	7902605
4529	prefix	system-p	6242594
4530	path_fragment	Projects/reports	4338576
4531	semantic	budget estimate about quarterly	1192
4532	path_fragment	components/packages/sch	5892152
4533	prefix	mockup-	1117775
4534	prefix	Mock	7130556
4535	infix	eForecas	9296461
4536	infix	irefra	8735100
4537	prefix	backup-p	2222144
4538	infix	ata-v3.	5796323
4539	prefix	IMG_2022	3440853
4540	prefix	IMG	1923932
4541	semantic	specification version about wireframe	572
4542	prefix	schema-	7612030
4543	path_fragment	migrations/2022	4472634
4544	prefix	updat	3177600
4545	infix	1001_7	3249567
4546	infix	G_202	9188766
4547	path_fragment	デザイン/lib/spr	5627888
4548	infix	ng_r	8301089
4549	prefix	Delive	1490532
4550	prefix	IMG_2026	8860145
4551	prefix	sche	9283729
4552	prefix	summary-	9879014
4553	infix	54.pn	4885931
4554	path_fragment	backend/engineering	5654938
4555	semantic	version export about response	2827
4556	infix	9050	4850080
4557	path_fragment	2022/inbox	8813822
4558	prefix	repo	5841728
4559	infix	off.doc	4619966
4560	prefix	pre	3366160
4561	path_fragment	misc/shared	4132883
4562	infix	_imag	3089457
4563	infix	orHa	8805174
4564	semantic	upload pricing about license	2691
4565	prefix	refact	1839549
4566	path_fragment	docs/shared/usa	3779451
4567	infix	2-15	15278
4568	prefix	stor	7624123
4569	prefix	budg	5260175
4570	infix	13_79	7769429
4571	prefix	legacy-b	9894061
4572	prefix	spr	1742017
4573	semantic	sketch screenshot about finance	3422
4574	path_fragment	examples/src	1487323
4575	prefix	output-2	8068280
4576	prefix	portrait	4301995
4577	infix	955.l	2331577
4578	path_fragment	Desktop/tools/sur	1931145
4579	infix	Resp	5955443
4580	path_fragment	legal/api/Res	543475
4581	path_fragment	packages/common/IMG	5058727
4582	prefix	Portra	5189990
4583	infix	ing-netw	9274399
4584	semantic	package data about migration	1509
4585	prefix	handover	4152304
4586	infix	atch-	6490441
4587	prefix	serv	3221738
4588	infix	actor-	8276129
4589	prefix	sample	2807108
4590	infix	cy-das	586035
4591	prefix	campa	5023437
4592	infix	search	5790559
4593	prefix	IMG_202	8692762
4594	prefix	IMG_20	2152365
4595	semantic	forecast assets about review	1627
4596	prefix	IMG_20	7342680
4597	infix	hot-2025	9800736
4598	path_fragment	public/服务/IMG	1235472
4599	path_fragment	common/products/ver	770253
4600	prefix	testing	1744861
4601	prefix	vendo	2875468
4602	semantic	refactor wireframe about strategy	3228
4603	infix	sset	8965118
4604	path_fragment	team/服务	9696123
4605	infix	-update	6470976
4606	path_fragment	common/workspace/sam	6775060
4607	infix	yout-	6272564
4608	prefix	confi	6271019
4609	prefix	finan	2228166
4610	infix	patch-u	9422538
4611	prefix	schedule	3466219
4612	prefix	schema-	2153294
4613	semantic	transcript sheet about manifest	895
4614	prefix	roadmap-	9113771
4615	path_fragment	Videos/src/del	7471865
4616	infix	ry-202	7789658
4617	prefix	IMG_2	6326983
4618	path_fragment	Projects/support	1012130
4619	infix	rvey-v1	9411486
4620	infix	et-v1.jp	1152539
4621	infix	ld-20	2732936
4622	semantic	portrait client about overview	1061
4623	path_fragment	clients/lib	4550855
4624	path_fragment	customers/웹	4528624
4625	prefix	sch	3313562
4626	prefix	ser	8534698
4627	prefix	pro	8277994
4628	prefix	IMG_2023	5313885
4629	infix	v9.t	3704980
4630	prefix	test	6671365
4631	prefix	serv	7081711
4632	prefix	rele	3782632
4633	path_fragment	exports/archive	6437022
4634	path_fragment	mobile/fixtures	1181771
4635	infix	ad-annua	9550374
4636	infix	rRefacto	5133383
4637	infix	_video.	2644384
4638	semantic	legacy project about schema	3426
4639	prefix	client	2993066
4640	infix	esenta	9304806
4641	semantic	assets schedule about usage	1580
4642	path_fragment	Documents/tests/pro	9762761
4643	infix	0190420	1393398
4644	prefix	review-	8803632
4645	path_fragment	infra/scripts/pol	5646689
4646	infix	h-202	8962082
4647	prefix	fina	2453576
4648	prefix	release-	1495802
4649	prefix	metrics-	2960488
4650	prefix	IMG_20	3175788
4651	prefix	refactor	1300739
4652	semantic	specification transfer about survey	722
4653	prefix	export-	4557450
4654	infix	entation	2850915
4655	path_fragment	engineering/src	2743364
4656	prefix	syst	4076265
4657	path_fragment	public/public/das	4283625
4658	infix	200917_5	452242
4659	infix	egacy.m	2035657
4660	infix	_report.	5608068
4661	infix	cs-rollo	3929525
4662	semantic	vendor update about session	686
4663	path_fragment	customers/웹	9713648
4664	prefix	Proj	1293698
4665	prefix	upd	6369954
4666	prefix	mockup-	846793
4667	infix	wirefr	5604661
4668	prefix	snapsh	3184863
4669	path_fragment	photos/personal/upl	9295938
4670	infix	backup.m	4979643
4671	path_fragment	Documents/vendors/Spe	1441216
4672	prefix	onb	2319993
4673	prefix	researc	8212742
4674	infix	g-scri	5446625
4675	path_fragment	imports/packages/cam	5656828
4676	semantic	device logistics about final	2628
4677	prefix	system-	4901839
4678	prefix	sketch-	6648251
4679	infix	pUpdate.	3490253
4680	prefix	requ	6254009
4681	path_fragment	2021/images/cus	1765334
4682	semantic	handoff patch about hotfix	1727
4683	infix	entat	4564205
4684	infix	0620_72	7212704
4685	path_fragment	Projects/服务	9356758
4686	prefix	script	523944
4687	prefix	resourc	7971401
4688	infix	5-18.ht	6936345
4689	prefix	workf	881819
4690	path_fragment	public/engineering/syn	4124209
4691	prefix	onboard	5224171
4692	prefix	Support	4075235
4693	prefix	data-	6529509
4694	infix	tegy.jp	8524303
4695	prefix	over	7081547
4696	infix	pecific	286084
4697	path_fragment	2023/photos/sna	2464136
4698	semantic	scratch survey about vendor	3562
4699	infix	kup-sec	8678231
4700	path_fragment	common/backend/IMG	7937307
4701	prefix	IMG_2	4116191
4702	infix	licy.r	9573236
4703	path_fragment	platform/backend/con	5664104
4704	infix	mate-di	9863830
4705	prefix	Trans	5480581
4706	semantic	annual estimate about legacy	1316
4707	infix	ing_c	6119108
4708	prefix	UploadC	3975511
4709	prefix	camp	3909984
4710	prefix	migra	4723559
4711	prefix	trans	6332623
4712	semantic	workshop policy about budget	2298
4713	prefix	IMG	8226237
4714	path_fragment	2024/tests/wor	9270315
4715	path_fragment	src/服务/rol	2424336
4716	prefix	customer	8399704
4717	infix	eport.	8151934
4718	infix	020-0	8849684
4719	infix	96455.jp	3380460
4720	infix	le-202	1502891
4721	prefix	usage	56973
4722	infix	_audit_s	3051635
4723	prefix	metrics	9608511
4724	semantic	refactor config about package	2007
4725	prefix	service	330252
4726	prefix	sche	8179616
4727	infix	tWorksho	3658216
4728	path_fragment	photos/웹/man	4832432
4729	path_fragment	targets/static/ren	9062818
4730	prefix	estim	2230819
4731	infix	-2024-	6041713
4732	prefix	forec	161240
4733	infix	202511	4908454
4734	semantic	upload overview about device	2418
4735	path_fragment	platform/core	2169366
4736	infix	elease.	4703396
4737	path_fragment	Documents/workspace/spe	8903758
4738	prefix	project	5401867
4739	prefix	archive-	122426
4740	path_fragment	Music/2019	9806195
4741	semantic	contract manifest about legacy	2077
4742	infix	acku	7893314
4743	path_fragment	hr/products	3531967
4744	infix	verRe	6122730
4745	prefix	patc	1602504
4746	prefix	render-	7866706
4747	prefix	sample	7332352
4748	prefix	IMG_202	9462522
4749	infix	shboard.	4355924
4750	path_fragment	exports/inbox/log	6770186
4751	infix	te-v	7097067
4752	prefix	version-	4505416
4753	prefix	Image	1890952
4754	prefix	set	6606129
4755	infix	surve	8696732
4756	prefix	ReceiptB	7288902
4757	infix	ma_mock	7338656
4758	semantic	contract sheet about release	4004
4759	path_fragment	Projects/accounting/pat	1321750
4760	infix	ngs-	9547435
4761	prefix	project	4029276
4762	semantic	render payroll about handoff	975
4763	path_fragment	common/operations/IMG	7647894
4764	prefix	import-	147403
4765	path_fragment	accounting/exports/ind	4415262
4766	infix	2022-0	6786613
4767	prefix	stor	8042844
4768	prefix	sandb	1999063
4769	infix	r.js	375244
4770	prefix	min	1045227
4771	prefix	sta	9547982
4772	infix	44488.	789535
4773	prefix	script-2	3375694
4774	path_fragment	2025/frontend	6828378
4775	infix	manifest	165363
4776	prefix	roadmap-	2680076
4777	path_fragment	Projects/personal/sna	2490648
4778	semantic	screenshot delivery about hotfix	2767
4779	infix	mport.jp	1970736
4780	path_fragment	quarterly/migrations	3216476
4781	infix	gram-	5205182
4782	semantic	review overview about schedule	163
4783	prefix	IMG_2	7096851
4784	infix	(copy 3)	7863905
4785	prefix	spec	7763826
4786	prefix	onboard	1456841
4787	prefix	State	288875
4788	infix	ign-ha	9954303
4789	path_fragment	staging/shared	3776856
4790	semantic	research service about pipeline	1506
4791	prefix	logistic	7287471
4792	path_fragment	mobile/components/IMG	6665969
4793	infix	ning_de	9827659
4794	prefix	IMG_2024	7084236
4795	path_fragment	Downloads/utils/dat	2620049
4796	infix	21.jp	8611002
4797	prefix	diag	272864
4798	infix	ient-re	9048731
4799	prefix	expor	6137279
4800	prefix	IMG_202	2859718
4801	path_fragment	resources/engineering/IMG	2839131
4802	prefix	temp	2097354
4803	path_fragment	shared/media	7508252
4804	infix	vice-ann	4776363
4805	prefix	leg	1538265
4806	infix	utes	6512261
4807	prefix	IMG_202	1738531
4808	infix	vice.	9528118
4809	semantic	monthly invoice about storage	2730
4810	semantic	restore budget about header	3494
4811	path_fragment	quarterly/outbox/aud	29805
4812	infix	Proje	950240
4813	infix	-v4.l	3953551
4814	prefix	pri	7529870
4815	infix	doff-spr	8735421
4816	prefix	Time	9786797
4817	prefix	pre	5812654
4818	path_fragment	imports/admin	5638891
4819	prefix	receip	198213
4820	infix	0508_2	7201751
4821	prefix	budge	1301967
4822	path_fragment	common/fixtures/tem	3912214
4823	infix	cordingI	5640751
4824	infix	otfix-im	3066696
4825	prefix	works	4082308
4826	semantic	ledger finance about finance	3280
4827	path_fragment	Videos/웹/sna	4013659
4828	prefix	update-2	1247677
4829	prefix	IMG_202	7572776
4830	semantic	script minutes about migration	3355
4831	infix	nning-pa	4639453
4832	prefix	build-s	4684063
4833	prefix	IMG	8040232
4834	path_fragment	2022/benchmarks	4028937
4835	path_fragment	tests/scripts	9241145
4836	prefix	mockup-	3861163
4837	infix	G_202406	8548414
4838	infix	02-20.j	2393426
4839	prefix	reso	2317988
4840	path_fragment	sales/products/exp	4243255
4841	path_fragment	sales/outbox	7476369
4842	infix	e-arc	7313891
4843	prefix	session	7534999
4844	infix	ta-20	9740801
4845	prefix	custom	8752214
4846	prefix	campaign	8358433
4847	prefix	config	4311922
4848	infix	MG_20	1775605
4849	semantic	forecast product about tracking	3413
4850	prefix	IMG_202	2242334
4851	path_fragment	exports/customers	981741
4852	infix	02.pd	6750269
4853	prefix	prot	6454266
4854	path_fragment	support/2022/cus	6771976
4855	prefix	ser	5829578
4856	infix	load-v3.	6493893
4857	infix	2504	1796884
4858	prefix	qua	5644618
4859	semantic	transcript payroll about schema	3174
4860	path_fragment	public/misc/IMG	1644982
4861	prefix	Imag	986133
4862	prefix	sto	8903470
4863	infix	rait-	4284551
4864	semantic	source patch about timeline	524
4865	path_fragment	Desktop/服务/sou	2942970
4866	infix	ice.	165864
4867	prefix	testin	4835294
4868	infix	otfix-	3955619
4869	prefix	minute	5752045
4870	infix	xport_l	9906220
4871	path_fragment	targets/android	5954787
4872	prefix	head	9396255
4873	infix	s-2022-0	9265330
4874	infix	0716_86	8802695
4875	semantic	onboarding receipt about snapshot	1940
4876	path_fragment	2025/staging	4651435
4877	prefix	finance-	7549377
4878	prefix	Securit	1877655
4879	prefix	str	2037501
4880	infix	eipt.y	2746116
4881	path_fragment	Desktop/static	2126367
4882	infix	utput-	68107
4883	prefix	annual_	655448
4884	semantic	testing request about device	2728
4885	prefix	rece	9102841
4886	path_fragment	research/웹/rec	7748723
4887	prefix	IMG_2	713868
4888	prefix	IMG_202	1415534
4889	infix	st-202	499502
4890	prefix	upda	7226432
4891	infix	der_esti	2882123
4892	semantic	sample invoice about survey	965
4893	path_fragment	frontend/components	9424122
4894	prefix	IMG_2022	1874193
4895	infix	t-overv	6490447
4896	prefix	testin	4924279
4897	infix	ing-v	8729039
4898	prefix	sur	3516978
4899	path_fragment	Videos/examples	3278175
4900	semantic	logistics project about policy	307
4901	prefix	monthly	4650905
4902	prefix	servic	5139109
4903	path_fragment	exports/docs/sna	94609
4904	infix	_790381.	2699283
4905	prefix	IMG_202	1604656
4906	path_fragment	Music/media	54544
4907	infix	erver.js	471933
4908	infix	ne-2022	3757526
4909	prefix	IMG_	1408443
4910	infix	2).t	353067
4911	prefix	sna	9303525
4912	infix	invoice_	3766272
4913	prefix	schema_p	2582287
4914	semantic	script index about config	4078
4915	path_fragment	frontend/models	3592301
4916	infix	age-	1843502
4917	prefix	ses	4988427
4918	path_fragment	2024/infra/spr	6730444
4919	prefix	clie	5109510
4920	semantic	product forecast about index	3091
4921	prefix	IMG	43504
4922	infix	dger	4546093
4923	infix	01-05.x	2193340
4924	path_fragment	웹/staging	2793482
4925	path_fragment	Music/static	1772412
4926	prefix	config	3549974
4927	prefix	recor	7338301
4928	prefix	testing-	2356318
4929	infix	02-16.	3792530
4930	path_fragment	fixtures/static/pro	687100
4931	path_fragment	static/reports	9596254
4932	prefix	resea	5509769
4933	prefix	summary	1211657
4934	infix	03-01	5698579
4935	infix	v7.p	7028409
4936	semantic	upload estimate about pipeline	2245
4937	infix	ect-stag	8863419
4938	prefix	backu	5778252
4939	prefix	IMG_2	5828691
4940	prefix	data	3710061
4941	prefix	timeline	3516649
4942	prefix	ClientP	6360504
4943	semantic	version render about cache	2835
4944	path_fragment	legal/engineering/des	2579788
4945	path_fragment	modules/marketing	846629
4946	prefix	import	5687505
4947	infix	ll-bac	6295122
4948	infix	_2022090	8084687
4949	infix	atch.xl	1460206
4950	infix	rt.tx	1163314
4951	prefix	receipt	6454465
4952	infix	p-dat	15599
4953	infix	off-	9409929
4954	prefix	storage	1507793
4955	path_fragment	デザイン/inbox	5406875
4956	prefix	exp	5079998
4957	path_fragment	backend/vendors/not	8931351
4958	semantic	review script about config	1258
4959	prefix	mockup-	1462608
4960	infix	ice.	4392399
4961	path_fragment	support/デザイン	263511
4962	semantic	meeting final about quarterly	3663
4963	prefix	usa	2826838
4964	prefix	hando	2039428
4965	infix	nual.ht	1851876
4966	infix	898.	1717208
4967	prefix	samp	5776815
4968	path_fragment	packages/fixtures/sta	6017774
4969	prefix	rend	2401773
4970	path_fragment	imports/workspace	6157454
4971	prefix	tran	7848741
4972	infix	hly.ja	9533645
4973	prefix	Pip	5294583
4974	prefix	Produ	5011632
4975	infix	ent_hea	2012918
4976	path_fragment	reports/styles/bud	4954757
4977	semantic	upload backup about source	2897
4978	prefix	mee	6828307
4979	infix	posal-sn	5596192
4980	infix	21-04-18	3371516
4981	prefix	session	1618238
4982	path_fragment	웹/lib/sta	9581602
4983	semantic	strategy roadmap about server	3316
4984	prefix	onboar	5819276
4985	path_fragment	customers/infra/lic	6948035
4986	prefix	led	6357434
4987	infix	ine-202	6662131
4988	prefix	assets-2	2702526
4989	infix	s_kick	7598021
4990	prefix	profil	5143051
4991	path_fragment	Desktop/2019	5093191
4992	prefix	stag	9029601
4993	infix	-25.	5843175
4994	semantic	sprint notes about image	1962
4995	infix	usto	3453339
4996	path_fragment	2023/common	800133
4997	infix	work	2768243
4998	prefix	eng	5432953
4999	prefix	SyncTr	6963304
5000	semantic	contract archive about monthly	169
5001	path_fragment	misc/android	6686422
5002	infix	usage.	2465151
5003	prefix	prese	1665342
5004	path_fragment	Videos/2024/IMG	281639
5005	prefix	Manifes	3664673
5006	infix	-storag	8785504
5007	prefix	pricing	7611507
5008	prefix	IMG_2	6700598
5009	infix	0417_185	581799
5010	infix	trics-	6184164
5011	prefix	receipt-	9454153
5012	prefix	survey-n	49648
5013	semantic	internal audit about sample	3710
5014	infix	9-20.p	8333593
5015	prefix	template	5272366
5016	path_fragment	marketing/resources/tra	9818106
5017	prefix	strate	8976969
5018	path_fragment	photos/platform	3696282
5019	infix	ct-v9.	6902157
5020	prefix	trans	4201007
5021	prefix	serv	688848
5022	semantic	workshop assets about report	723
5023	path_fragment	デザイン/photos	4985759
5024	infix	shot.n	3382610
5025	prefix	video-	6144025
5026	path_fragment	2022/デザイン/Req	345614
5027	infix	-layout-	4326982
5028	infix	n-screen	6782219
5029	prefix	scra	5655128
5030	path_fragment	2024/admin	895662
5031	infix	0200	4169411
5032	prefix	recordin	4922524
5033	infix	0260422	2050176
5034	semantic	index sketch about internal	1418
5035	prefix	networ	8306449
5036	infix	0721_	6963808
5037	path_fragment	operations/api	8046556
5038	prefix	rollou	7657551
5039	prefix	data-	7498446
5040	prefix	sys	3501538
5041	path_fragment	packages/fixtures	5952742
5042	infix	ing-sam	3803447
5043	semantic	pricing pipeline about product	2064
5044	prefix	sketch	8577330
5045	prefix	serv	393968
5046	prefix	IMG	3422653
5047	path_fragment	public/2019	4449665
5048	infix	doff_	5938888
5049	infix	ew-pa	7373411
5050	infix	(copy 1)	2060927
5051	prefix	port	4765349
5052	infix	ype.doc	7650614
5053	path_fragment	backend/api	7845540
5054	prefix	budge	3317993
5055	prefix	project-	9532066
5056	prefix	pricin	2961800
5057	infix	-con	8507560
5058	path_fragment	public/research/Ind	8656216
5059	semantic	report roadmap about summary	2998
5060	semantic	metrics receipt about service	2319
5061	infix	ystem.t	1760054
5062	prefix	source-w	4904969
5063	path_fragment	Projects/docs	2372670
5064	prefix	workflo	8032002
5065	infix	ject	3333520
5066	infix	ft-202	4146990
5067	prefix	request-	3204256
5068	prefix	budg	6982234
5069	path_fragment	Music/quarterly	9766471
5070	infix	G_20	9318142
5071	path_fragment	operations/customers/dia	2476811
5072	prefix	sandb	4137212
5073	semantic	request ledger about profile	2505
5074	prefix	IMG_2024	7016439
5075	path_fragment	exports/docs/spr	8439433
5076	infix	_2022	8583216
5077	prefix	logistic	1482055
5078	prefix	forecas	6583620
5079	infix	actor-se	1493075
5080	path_fragment	archive/exports/sum	2937367
5081	semantic	design output about overview	1459
5082	prefix	led	2265857
5083	infix	t-v8.pn	9603272
5084	prefix	import-2	6411158
5085	path_fragment	platform/targets/rec	6022346
5086	prefix	mock	467155
5087	infix	-polic	1158123
5088	infix	e-v1 (co	9858956
5089	prefix	assets	3203858
5090	prefix	wiref	2687619
5091	path_fragment	workspace/migrations/pri	3740634
5092	infix	ySyn	2967949
5093	semantic	delivery receipt about presentation	2482
5094	prefix	wor	9423356
5095	prefix	IMG_2020	749320
5096	path_fragment	static/docs/cli	1238337
5097	infix	month	450056
5098	infix	07_902	8758005
5099	prefix	templat	73539
5100	path_fragment	backend/imports/Str	6018984
5101	infix	t-repor	2630725
5102	semantic	license campaign about service	352
5103	infix	ig_stor	8011611
5104	path_fragment	api/components/roa	1867332
5105	infix	ketch.	4025800
5106	prefix	supp	3592814
5107	prefix	build_	6661616
5108	prefix	hea	2206613
5109	prefix	server-	8691318
5110	prefix	produc	228122
5111	path_fragment	team/デザイン	4661466
5112	infix	e-2026-0	2349908
5113	infix	1827.pn	2653615
5114	path_fragment	デザイン/common	7193735
5115	prefix	month	8638451
5116	infix	rkshop-i	4811940
5117	prefix	device-v	2129045
5118	prefix	service-	2826572
5119	semantic	header server about audit	2773
5120	prefix	kickoff-	2826130
5121	path_fragment	Documents/exports/mig	1058217
5122	prefix	notes-r	5287259
5123	infix	data-	689035
5124	infix	al-sa	2183923
5125	semantic	metrics import about staging	2217
5126	prefix	time	6634864
5127	infix	2024-02-	9867900
5128	path_fragment	legal/src/ser	2711823
5129	prefix	delive	8226271
5130	semantic	template sample about restore	947
5131	path_fragment	outbox/exports	429654
5132	prefix	over	6945131
5133	infix	dex-pa	5292591
5134	prefix	tim	8079629
5135	infix	e_meetin	1872414
5136	prefix	dev	2342803
5137	infix	csRepo	7834677
5138	prefix	inv	1297385
5139	path_fragment	images/웹	5035238
5140	prefix	IMG_2024	8596138
5141	semantic	legacy estimate about network	172
5142	infix	anifest-	9055082
5143	prefix	sand	7434262
5144	path_fragment	common/public/cam	557038
5145	infix	022-11-2	6040426
5146	path_fragment	Projects/personal	5044487
5147	prefix	overvie	5990582
5148	infix	portSp	105711
5149	prefix	Audi	8701767
5150	infix	lout_s	2300301
5151	infix	Snapsh	6391205
5152	path_fragment	team/packages	4820700
5153	prefix	budget-	2072199
5154	prefix	sheet-	2911819
5155	path_fragment	misc/archive	9554534
5156	prefix	stagi	8590011
5157	infix	ording	9561721
5158	semantic	diagram schedule about mockup	2761
5159	prefix	overview	1841067
5160	prefix	contrac	7560185
5161	infix	entation	2605305
5162	prefix	cam	2160356
5163	semantic	dashboard assets about workflow	1865
5164	prefix	sheet-h	6187951
5165	prefix	invoice	8390914
5166	path_fragment	shared/support	2919857
5167	infix	hedule	7615410
5168	path_fragment	clients/examples	5578518
5169	infix	ng-re	2128554
5170	prefix	fore	4789656
5171	semantic	backup usage about assets	3882
5172	prefix	Suppo	8208730
5173	infix	80440	3171275
5174	path_fragment	common/tools/fin	3833165
5175	path_fragment	photos/fixtures/cam	2329530
5176	prefix	suppor	4608002
5177	infix	g-2024	9704440
5178	prefix	Wor	3790231
5179	infix	_deliver	4206458
5180	prefix	report	2684549
5181	prefix	sur	6417718
5182	prefix	IMG_2	9417359
5183	semantic	data source about transcript	3539
5184	path_fragment	modules/api	834640
5185	infix	eview-v	8100344
5186	path_fragment	웹/2026	9984950
5187	infix	n-re	2030932
5188	prefix	image	5838868
5189	infix	ger-2023	8179604
5190	prefix	IMG_202	3794868
5191	path_fragment	Documents/2019/scr	8647995
5192	semantic	audit handover about system	2116
5193	infix	w-2020-	82488
5194	prefix	system-	9572169
5195	path_fragment	packages/tools/con	6457625
5196	infix	t-su	6543777
5197	prefix	impor	4830598
5198	prefix	plan	3665630
5199	infix	y-v5.d	3160131
5200	prefix	tim	5821967
5201	prefix	dashbo	5672694
5202	path_fragment	outbox/research/rec	1486128
5203	prefix	IMG	3094478
5204	semantic	legacy logistics about profile	2254
5205	infix	MG_202	201584
5206	infix	ning	6545979
5207	path_fragment	Desktop/2023/qua	8028359
5208	prefix	draf	2688497
5209	infix	er-v	2273418
5210	infix	ge-v9.	8171231
5211	path_fragment	Desktop/marketing/IMG	9803840
5212	prefix	poli	4512623
5213	prefix	cli	4805795
5214	infix	policy.p	4942655
5215	infix	ance-v9.	2832394
5216	path_fragment	archive/platform/wor	6341652
5217	prefix	moc	2367440
5218	semantic	onboarding legacy about specification	1187
5219	prefix	ledg	5946731
5220	infix	e-v3.	8943016
5221	path_fragment	api/tools/bui	1022097
5222	infix	esting-	975229
5223	path_fragment	imports/quarterly/fin	5368175
5224	semantic	pipeline internal about sketch	2649
5225	prefix	estimat	8650637
5226	infix	ofile	9809832
5227	prefix	work	5341044
5228	prefix	IMG_	3707675
5229	prefix	Test	7836069
5230	path_fragment	scripts/2024/sna	5979042
5231	semantic	presentation design about workflow	2732
5232	prefix	strat	7795113
5233	prefix	tem	6382763
5234	infix	ardScre	7406841
5235	path_fragment	scripts/static	3337113
5236	infix	12-18.	3087625
5237	prefix	scree	1730147
5238	infix	tes-mont	8821217
5239	prefix	specifi	2808450
5240	prefix	pric	8857501
5241	infix	finance	5982424
5242	prefix	IMG_20	1597261
5243	path_fragment	team/media	1287826
5244	infix	3181	9858218
5245	prefix	vendor	8858778
5246	infix	etin	5921551
5247	semantic	server layout about assets	944
5248	prefix	sprint	3453785
5249	path_fragment	Documents/public	3055347
5250	semantic	export minutes about diagram	2403
5251	infix	acy-	8457885
5252	path_fragment	products/sales	836696
5253	path_fragment	utils/api	4483217
5254	infix	cordi	2182085
5255	prefix	stag	6554050
5256	prefix	sandbo	9581953
5257	prefix	Present	4527602
5258	prefix	hando	3235973
5259	infix	kshop-s	4320551
5260	infix	w-v8.p	3511209
5261	prefix	receipt-	412686
5262	prefix	image-20	4347231
5263	prefix	cache	2448550
5264	path_fragment	marketing/inbox	2809909
5265	infix	tion	9539621
5266	path_fragment	shared/デザイン	5274816
5267	prefix	release-	9711102
5268	semantic	research header about client	3546
5269	infix	dger.d	4883203
5270	prefix	rep	465353
5271	prefix	policy	4746902
5272	infix	mate-	4759191
5273	semantic	project patch about estimate	620
5274	prefix	suppo	8755975
5275	infix	-ren	191753
5276	path_fragment	modules/docs	1040728
5277	path_fragment	resources/2020/IMG	9310106
5278	prefix	review_	1279381
5279	infix	tion-202	8794632
5280	infix	twork-	5408543
5281	path_fragment	2024/quarterly/pat	9966752
5282	prefix	sourc	6128972
5283	prefix	syst	8102991
5284	infix	sponse.x	9599521
5285	prefix	aud	5572469
5286	prefix	video-	15732
5287	semantic	transfer statement about recording	3317
5288	infix	ollout	7003101
5289	path_fragment	2023/infra	7852730
5290	path_fragment	platform/backend/fin	7308092
5291	prefix	engine-t	2131076
5292	prefix	camp	8674529
5293	prefix	meeting	5513743
5294	path_fragment	examples/reports	9326275
5295	semantic	assets sprint about pipeline	299
5296	prefix	roadmap	6995423
5297	infix	G_2024	6202301
5298	infix	re-2	4867586
5299	infix	2021-0	7919164
5300	infix	ache-fo	2168681
5301	path_fragment	products/hr/ove	23192
5302	prefix	meeting_	5751260
5303	prefix	IMG_	9126012
5304	prefix	transc	8830064
5305	infix	ild-20	9966380
5306	prefix	sta	3774785
5307	path_fragment	2023/photos/upl	105319
5308	semantic	sketch layout about annual	434
5309	infix	koffEs	5449010
5310	prefix	ses	1640465
5311	semantic	notes sprint about kickoff	927
5312	path_fragment	customers/personal	5779560
5313	prefix	restore-	183659
5314	infix	025-10-	5880864
5315	prefix	IMG_202	2690726
5316	infix	-08.mp	6765694
5317	infix	rly-v6.	4336713
5318	prefix	patch	3574299
5319	path_fragment	2023/packages/wir	3561905
5320	infix	sion-cam	5832145
5321	prefix	Wir	5529244
5322	semantic	workflow session about planning	1724
5323	prefix	dashb	819823
5324	path_fragment	Desktop/sales/pay	1827843
5325	infix	g-dr	2701482
5326	prefix	IMG_	9440640
5327	infix	n-payro	5290332
5328	path_fragment	api/photos	6739861
5329	prefix	staging_	8191086
5330	prefix	mani	6269451
5331	prefix	workf	3540695
5332	prefix	import_	7008462
5333	infix	52127.r	4662600
5334	prefix	annu	436751
5335	path_fragment	Videos/utils/ske	8416308
5336	path_fragment	Projects/服务/tra	4560236
5337	semantic	snapshot proposal about sheet	1503
5338	infix	tCamp	9263815
5339	infix	v8 (copy	4303788
5340	infix	gration-	2906871
5341	prefix	setting	3285934
5342	infix	devic	592018
5343	prefix	CacheR	9997489
5344	infix	ardin	2594555
5345	path_fragment	Pictures/components/eng	6594745
5346	path_fragment	marketing/packages	7546232
5347	prefix	presenta	9758000
5348	prefix	logi	7676647
5349	semantic	rollout monthly about planning	1731
5350	prefix	snap	2562939
5351	prefix	respon	803826
5352	path_fragment	Documents/backend/sec	9195343
5353	infix	rofile	4887529
5354	infix	estore_u	1141303
5355	prefix	logist	3843665
5356	infix	ff.jso	9535522
5357	prefix	hotfix-	2522786
5358	semantic	statement import about manifest	77
5359	path_fragment	accounting/2026	3177919
5360	infix	ry_syn	4680560
5361	path_fragment	Music/vendors	6956477
5362	prefix	rese	4850516
5363	prefix	suppor	151736
5364	prefix	Worksho	8847582
5365	path_fragment	staging/engineering/sta	120170
5366	prefix	version	3088392
5367	infix	22-05-26	9461326
5368	infix	0118_	171202
5369	semantic	template policy about quarterly	2608
5370	semantic	proposal estimate about schema	3650
5371	prefix	invo	154162
5372	path_fragment	products/benchmarks	6565523
5373	prefix	servic	9527285
5374	prefix	dra	20954
5375	prefix	fin	2842478
5376	path_fragment	Desktop/mobile/pla	4413087
5377	infix	rkshop-	8463318
5378	infix	_usage.p	7005807
5379	infix	ckage-20	1724341
5380	prefix	port	3487938
5381	path_fragment	2023/utils/moc	3346163
5382	prefix	mockup-2	8435973
5383	infix	roposal-	2460068
5384	semantic	release annual about dashboard	428
5385	path_fragment	Pictures/outbox/upl	2412141
5386	prefix	OutputC	4651923
5387	infix	3-03-2	3399950
5388	infix	eStaging	9947533
5389	prefix	Impor	9189979
5390	prefix	IMG_	5178201
5391	infix	-patc	7148257
5392	prefix	package	918022
5393	prefix	output-r	479087
5394	path_fragment	quarterly/resources	3357902
5395	infix	e-bui	7230555
5396	path_fragment	team/products/IMG	8600478
5397	prefix	vide	5108820
5398	infix	ourc	3325501
5399	semantic	service release about sandbox	3486
5400	path_fragment	shared/research	2421774
5401	semantic	planning draft about cache	1586
5402	prefix	rel	3121272
5403	prefix	metrics	5218497
5404	path_fragment	exports/legal/onb	5804774
5405	prefix	system-o	5237164
5406	infix	021-	2286908
5407	infix	-profile	9815353
5408	infix	4-06-	7343176
5409	prefix	IMG_202	6519197
5410	prefix	IMG_2021	585145
5411	prefix	Clie	1824212
5412	prefix	notes-fo	1131642
5413	path_fragment	Pictures/operations/eng	1759377
5414	infix	202405	3599345
5415	infix	protot	9870079
5416	prefix	Audit	9619519
5417	path_fragment	misc/staging	5667175
5418	semantic	license proposal about quarterly	3425
5419	infix	oll-2	9854918
5420	prefix	annua	1216715
5421	infix	int-201	1109475
5422	infix	signD	4166896
5423	prefix	Workfl	1492008
5424	prefix	stag	864117
5425	path_fragment	support/customers	886307
5426	prefix	receipt	6039030
5427	infix	ernal.r	6094626
5428	path_fragment	core/2021/vid	2745114
5429	semantic	build security about index	3348
5430	infix	ceipt-20	7523574
5431	prefix	IMG_2020	6680762
5432	semantic	service project about sandbox	2290
5433	prefix	IMG	6145879
5434	prefix	IMG_	9973300
5435	infix	ansfer-	4189560
5436	prefix	product	4186157
5437	path_fragment	2026/photos	3877732
5438	infix	rce-	8355902
5439	path_fragment	frontend/support	6572602
5440	infix	ive.	2255238
5441	infix	gWorkflo	7639176
5442	infix	25-06-	9262278
5443	prefix	upl	3256798
5444	semantic	schedule export about budget	1761
5445	prefix	sheet-	3730909
5446	path_fragment	operations/workspace	7389968
5447	prefix	patch	2137474
5448	path_fragment	Pictures/marketing/ren	7088796
5449	prefix	planni	2576879
5450	path_fragment	Projects/2021	5442870
5451	path_fragment	team/docs/sto	7618584
5452	prefix	backup-	7276167
5453	semantic	timeline forecast about hotfix	3118
5454	prefix	Manif	7413491
5455	infix	sets-s	6458508
5456	prefix	PolicyBu	7717563
5457	prefix	rec	2346429
5458	infix	resear	7201580
5459	infix	36095.t	3273864
5460	prefix	CacheH	9603954
5461	path_fragment	Documents/migrations	9990851
5462	prefix	Handov	4774266
5463	prefix	annual-h	8441950
5464	infix	terna	4001338
5465	path_fragment	Pictures/personal/kic	5532363
5466	semantic	output policy about schedule	3671
5467	infix	imeli	4981696
5468	infix	0_5652	1497146
5469	prefix	product	8457756
5470	infix	_asse	4541973
5471	infix	-manife	4916142
5472	prefix	script-o	285584
5473	path_fragment	服务/デザイン	6232464
5474	infix	posal.	2773226
5475	prefix	leg	8213485
5476	prefix	prof	1290971
5477	path_fragment	benchmarks/operations/upd	4289759
5478	prefix	config-c	6025784
5479	semantic	security receipt about project	694
5480	path_fragment	team/staging/IMG	6099489
5481	prefix	sand	1893232
5482	prefix	Inter	1019462
5483	path_fragment	infra/workspace	2172617
5484	prefix	kick	1282456
5485	semantic	invoice review about estimate	2749
5486	prefix	buil	3128271
5487	infix	search.j	7908062
5488	infix	1-08.p	8397155
5489	infix	iptS	4337533
5490	prefix	Project	538103
5491	prefix	IMG_	49428
5492	infix	y-pro	2499850
5493	path_fragment	android/misc/onb	9612796
5494	path_fragment	sales/marketing/pip	1649630
5495	infix	archive	2648284
5496	infix	ata.j	4740695
5497	prefix	ske	6222147
5498	prefix	mig	6504907
5499	semantic	assets sketch about scratch	3661
5500	prefix	minu	9968757
5501	infix	pdate-v7	193300
5502	prefix	internal	568190
5503	semantic	payroll report about summary	299
5504	path_fragment	infra/products	2590955
5505	prefix	render-2	2680036
5506	infix	er-stor	1797008
5507	path_fragment	shared/misc/ind	6707315
5508	prefix	IMG_	2875964
5509	infix	_5915	5722092
5510	prefix	hotfix-	6095724
5511	path_fragment	research/static	1532717
5512	infix	-2026	9357392
5513	prefix	server-	8865875
5514	prefix	export-	6898451
5515	infix	ttin	4987509
5516	prefix	IMG	8653276
5517	semantic	patch source about internal	3817
5518	path_fragment	packages/src/rec	6186057
5519	infix	ch-produ	9234173
5520	semantic	roadmap handover about output	411
5521	path_fragment	Documents/models	6303406
5522	infix	age-20	3783412
5523	prefix	source-d	3043248
5524	prefix	Product	7895162
5525	prefix	bac	6366037
5526	infix	ndover	1528264
5527	path_fragment	docs/photos	7724815
5528	prefix	Led	2412624
5529	infix	_35566	284940
5530	infix	G_20241	5920079
5531	prefix	Supp	5849078
5532	path_fragment	Documents/targets	7654267
5533	infix	licens	3146021
5534	path_fragment	Documents/服务	1425224
5535	infix	engine.t	5595864
5536	prefix	payroll	5839034
5537	prefix	fore	5965265
5538	semantic	settings handoff about minutes	396
5539	prefix	por	1104829
5540	path_fragment	archive/workspace	360090
5541	prefix	IMG_20	5188098
5542	prefix	prod	5960998
5543	prefix	IMG	5117429
5544	semantic	budget archive about audit	1325
5545	path_fragment	2025/tests	6029357
5546	infix	h-sta	8484933
5547	infix	ts-2026	8097913
5548	prefix	IMG	6444608
5549	infix	st_int	7702492
5550	prefix	review	6834940
5551	path_fragment	operations/modules	7213945
5552	prefix	reque	7326546
5553	prefix	proposa	4172802
5554	prefix	annu	511297
5555	infix	t-video	357738
5556	path_fragment	examples/products	6748674
5557	infix	tion	7345940
5558	semantic	release roadmap about archive	1260
5559	infix	ync.	3647751
5560	path_fragment	tools/support/hot	6570106
5561	prefix	service_	617214
5562	path_fragment	frontend/outbox	1182965
5563	prefix	quart	3190680
5564	prefix	quarte	8328427
5565	infix	ropo	6401328
5566	infix	0230512_	9565643
5567	prefix	quarter	3967370
5568	semantic	quarterly sketch about proposal	2455
5569	infix	admap.pd	6004588
5570	prefix	kickoff	7218346
5571	prefix	onboar	8839293
5572	infix	ropo	267263
5573	path_fragment	models/packages/sur	5951699
5574	infix	andoff.z	5045668
5575	prefix	sche	3978083
5576	prefix	devi	6400766
5577	infix	_tem	9145676
5578	semantic	system restore about sample	1127
5579	path_fragment	packages/public/Sum	4199233
5580	path_fragment	Documents/服务/inv	9361584
5581	prefix	res	4079435
5582	prefix	Netw	5661437
5583	infix	-usag	6039161
5584	infix	ttings.j	2581053
5585	prefix	sched	8710843
5586	infix	nt-por	6171348
5587	path_fragment	archive/products	5298411
5588	prefix	plannin	838574
5589	semantic	output handoff about staging	1950
5590	path_fragment	api/2020	3173952
5591	infix	ut-v7 	4754483
5592	prefix	service-	5370656
5593	path_fragment	admin/デザイン/sou	3408577
5594	infix	ase.l	5782338
5595	prefix	sche	201677
5596	semantic	diagram handover about response	2239
5597	prefix	overvi	3450094
5598	infix	copy 2	4912814
5599	prefix	ser	1774638
5600	prefix	onb	1655019
5601	infix	1450	320581
5602	prefix	script-b	4331014
5603	prefix	stateme	224242
5604	infix	der-han	9531630
5605	semantic	license export about request	1770
5606	prefix	version-	7423788
5607	path_fragment	shared/styles/ses	9040952
5608	infix	n-sprin	7581101
5609	path_fragment	customers/components	9964394
5610	prefix	Lay	9671175
5611	prefix	notes-	9159809
5612	infix	2020080	7359054
5613	prefix	review	7985345
5614	infix	cs-v1.	6144505
5615	infix	gram	5206191
5616	path_fragment	research/服务/tem	9698246
5617	path_fragment	fixtures/utils/sta	5073896
5618	semantic	sheet video about statement	796
5619	prefix	Sprin	7345496
5620	infix	0241014_	3973222
5621	path_fragment	utils/common/rev	4129054
5622	prefix	uplo	761614
5623	infix	-stor	5258118
5624	prefix	intern	8507508
5625	path_fragment	lib/tests	4130140
5626	prefix	diagr	7484239
5627	prefix	logis	1291726
5628	semantic	snapshot budget about recording	2789
5629	infix	sponseSt	5589603
5630	infix	gration.	3269704
5631	prefix	system-2	8285853
5632	path_fragment	resources/marketing	9347947
5633	prefix	tra	1489540
5634	prefix	das	9337032
5635	infix	sion-au	7131332
5636	semantic	screenshot image about research	2848
5637	path_fragment	2019/support	5714803
5638	infix	-vers	5068685
5639	prefix	IMG_20	7474888
5640	semantic	backup estimate about internal	1014
5641	path_fragment	engineering/benchmarks/IMG	8621175
5642	infix	-ima	2086360
5643	prefix	san	5640397
5644	prefix	stra	4324988
5645	prefix	IMG_20	3987579
5646	infix	y-20	2643396
5647	infix	koff	6052426
5648	prefix	stora	2447714
5649	path_fragment	public/targets	1862394
5650	prefix	Summa	4143378
5651	path_fragment	migrations/migrations/upd	4420206
5652	prefix	network	4853084
5653	path_fragment	media/scripts	3437469
5654	semantic	render sample about storage	203
5655	prefix	restore	4760769
5656	infix	-reco	8930381
5657	infix	int-	1507949
5658	infix	n_payrol	2126522
5659	prefix	worksho	6846633
5660	path_fragment	customers/デザイン	6267697
5661	prefix	est	1587283
5662	infix	ipelin	1049063
5663	infix	ing-v6 (	7423719
5664	path_fragment	packages/reports	104767
5665	prefix	devi	4012057
5666	prefix	index-20	4075212
5667	semantic	scratch refactor about archive	1058
5668	infix	8_175121	4121626
5669	prefix	str	2075826
5670	infix	04-07.lo	3644051
5671	infix	ding-da	6475095
5672	prefix	specifi	7459999
5673	prefix	strategy	9338864
5674	prefix	backup-	2025622
5675	infix	istics.j	1339912
5676	prefix	sour	7088498
5677	path_fragment	Pictures/workspace/pro	3655606
5678	semantic	image planning about screenshot	2479
5679	path_fragment	android/common	4218321
5680	prefix	clien	6428672
5681	prefix	Kic	7361437
5682	path_fragment	Projects/utils/min	593486
5683	semantic	patch workshop about proposal	2767
5684	prefix	dat	3682033
5685	infix	dit-v4.t	286253
5686	infix	sting.t	4592873
5687	infix	orBack	786908
5688	path_fragment	common/images/san	2519095
5689	prefix	ledg	7625444
5690	prefix	IMG_201	8510431
5691	prefix	storage-	1101663
5692	path_fragment	imports/platform/out	3022762
5693	prefix	respons	5329962
5694	infix	t_pro	9949768
5695	path_fragment	components/웹/ver	198070
5696	infix	10.jp	6772585
5697	infix	napsh	8655295
5698	prefix	han	9888976
5699	semantic	policy screenshot about sketch	2842
5700	path_fragment	modules/misc/sam	8162939
5701	infix	v1.m	9157605
5702	path_fragment	operations/lib	2691659
5703	prefix	Kickof	5022446
5704	prefix	hotfi	4154025
5705	infix	2026	1549810
5706	prefix	rec	6759464
5707	semantic	finance ledger about ledger	3779
5708	infix	-logi	3121458
5709	prefix	IMG_2	5003454
5710	infix	-patch-	692227
5711	prefix	Contra	1601728
5712	path_fragment	2022/packages/sch	2864015
5713	infix	ple-fin	9533463
5714	infix	Kickoff.	1829032
5715	prefix	roll	7377951
5716	prefix	pric	3476153
5717	semantic	schedule receipt about project	1943
5718	path_fragment	Desktop/backend/exp	7541408
5719	prefix	campaign	5669693
5720	infix	9 (copy	8685075
5721	prefix	customer	7864343
5722	prefix	manif	1492131
5723	path_fragment	benchmarks/2026/por	9681716
5724	prefix	Sour	9840324
5725	infix	dule-mi	2412795
5726	semantic	project staging about payroll	2174
5727	prefix	summar	462459
5728	path_fragment	Music/imports	1399089
5729	infix	fer-sche	7142511
5730	prefix	licens	4781791
5731	prefix	IMG_	9778271
5732	semantic	manifest upload about output	2596
5733	infix	_2022082	4409314
5734	prefix	sessi	2304176
5735	path_fragment	reports/legal	5961621
5736	path_fragment	operations/styles	8219156
5737	prefix	quarterl	6569378
5738	infix	g-notes.	7203401
5739	infix	nutes.js	496280
5740	prefix	specif	2237653
5741	path_fragment	Documents/core/net	3845327
5742	infix	1224_96	8280736
5743	semantic	sync planning about client	2535
5744	prefix	sket	2349676
5745	prefix	IMG_2025	5607713
5746	path_fragment	staging/common/cli	3498826
5747	prefix	cach	1572673
5748	infix	ut.lo	2881215
5749	infix	exTimeli	4218876
5750	path_fragment	shared/clients	5135991
5751	infix	(copy 3)	2720469
5752	path_fragment	examples/platform/fin	7515377
5753	prefix	strate	8714258
5754	infix	import-	4271212
5755	prefix	sync-2	2088340
5756	infix	2019-0	6231354
5757	prefix	Rende	9374224
5758	prefix	release	3415670
5759	semantic	overview rollout about transcript	1435
5760	infix	0220	1794980
5761	path_fragment	Documents/shared	965313
5762	semantic	usage roadmap about network	3664
5763	prefix	repor	3283842
5764	infix	5-17.do	3414025
5765	prefix	cont	4375163
5766	prefix	legac	9874847
5767	infix	uarte	8685702
5768	path_fragment	Pictures/workspace/Rec	6758778
5769	prefix	backup-	6440531
5770	infix	chive.	7817319
5771	infix	x-sched	9861223
5772	path_fragment	tools/operations/rel	4659833
5773	prefix	upl	6471856
5774	prefix	imag	1485484
5775	prefix	portrai	436092
5776	prefix	pro	9574568
5777	infix	t-minu	5220478
5778	semantic	restore ledger about onboarding	2999
5779	path_fragment	hr/2024	4754344
5780	prefix	cam	4047685
5781	infix	2020-05-	9920464
5782	prefix	ske	5228626
5783	infix	oject_sp	5326729
5784	prefix	dev	8336627
5785	path_fragment	workspace/platform	3944212
5786	path_fragment	legal/core/IMG	2293147
5787	prefix	spri	7676312
5788	semantic	archive roadmap about campaign	574
5789	infix	imate-ne	2088378
5790	prefix	netw	6800444
5791	infix	creensh	5062678
5792	prefix	Specifi	1262874
5793	semantic	template import about finance	1438
5794	path_fragment	operations/targets	310675
5795	infix	ackage	9950449
5796	prefix	support	9159277
5797	infix	oll.jp	2496024
5798	prefix	config-	6113699
5799	path_fragment	2021/2020	8807199
5800	path_fragment	scripts/imports/usa	9397540
5801	infix	sfer-20	4176215
5802	path_fragment	targets/marketing/tim	6451869
5803	infix	107_338	9603377
5804	prefix	update-	1506084
5805	prefix	mockup-l	3178846
5806	prefix	request-	3025771
5807	semantic	receipt onboarding about onboarding	2830
5808	prefix	rollou	5169556
5809	infix	omer.tx	597578
5810	prefix	draft-	2264896
5811	infix	nseSo	307967
5812	prefix	pac	2468140
5813	infix	190.htm	399719
5814	prefix	proj	6573301
5815	prefix	storage_	3593364
5816	infix	1_545434	7231421
5817	semantic	workflow testing about schedule	57
5818	path_fragment	mobile/outbox	6701359
5819	path_fragment	styles/2020/Dev	5285762
5820	path_fragment	docs/api	151562
5821	prefix	package	1432620
5822	prefix	support-	5943652
5823	infix	ayroll-	9592400
5824	infix	or-mock	5270637
5825	semantic	script rollout about mockup	3002
5826	infix	ource.d	4179977
5827	prefix	log	2722655
5828	path_fragment	Projects/core	7849117
5829	prefix	ref	7968019
5830	semantic	tracking survey about pricing	1930
5831	infix	quest_e	4097717
5832	infix	ut-s	9633960
5833	path_fragment	tests/archive/bud	3182430
5834	prefix	specific	5620399
5835	prefix	device-m	4427117
5836	prefix	receipt	9463373
5837	prefix	testin	5414005
5838	path_fragment	misc/tools/cli	5741563
5839	infix	ache-v4	2004562
5840	infix	t-resto	7559686
5841	path_fragment	personal/2019/IMG	5249172
5842	infix	ense-s	9040753
5843	semantic	annual minutes about engine	2232
5844	path_fragment	服务/api/ser	5818882
5845	prefix	sync-20	4735402
5846	infix	ion.	200775
5847	prefix	review-	3482659
5848	prefix	video-cu	6282513
5849	prefix	summa	6775796
5850	infix	doff.j	9442210
5851	prefix	port	1482613
5852	prefix	Serv	8260560
5853	infix	ipt-cu	6899607
5854	path_fragment	Documents/inbox	4327323
5855	prefix	suppo	26719
5856	prefix	profi	592590
5857	semantic	sandbox annual about sheet	3911
5858	infix	ment	9045464
5859	path_fragment	Documents/archive	2984575
5860	semantic	minutes patch about timeline	2469
5861	infix	ap-roadm	8122460
5862	infix	2_11	3876270
5863	prefix	proje	8127762
5864	prefix	securi	497864
5865	prefix	transcr	1026168
5866	path_fragment	Music/服务/Rec	3903659
5867	prefix	servi	1408103
5868	path_fragment	public/vendors	2046837
5869	infix	024-	2418942
5870	infix	ensho	3580341
5871	prefix	review-	2796474
5872	path_fragment	2019/服务	8507888
5873	prefix	response	3100120
5874	infix	very.j	7179813
5875	prefix	manife	4924081
5876	path_fragment	Documents/imports/aud	8456623
5877	infix	rtrait	1531396
5878	semantic	specification invoice about pipeline	3747
5879	prefix	works	4242033
5880	prefix	respons	8676493
5881	prefix	rele	561418
5882	infix	thly	9129867
5883	infix	89528.p	971983
5884	path_fragment	src/outbox/rel	3628623
5885	infix	m-v1.do	3625116
5886	prefix	forecas	739070
5887	semantic	hotfix vendor about ledger	1534
5888	prefix	assets-v	7305368
5889	path_fragment	shared/inbox/fin	2771868
5890	path_fragment	packages/admin	7036402
5891	infix	26_9	7476193
5892	prefix	network-	9166031
5893	infix	-12-0	8114488
5894	semantic	patch render about sheet	3922
5895	prefix	impo	8184821
5896	infix	upport-	1748083
5897	prefix	tra	6067672
5898	path_fragment	team/examples	9002287
5899	prefix	hot	9073829
5900	path_fragment	scripts/デザイン/pro	9035730
5901	semantic	customer report about product	881
5902	infix	-21.xls	5045811
5903	infix	ansf	2299463
5904	prefix	sync-202	1959662
5905	prefix	IMG_20	6275114
5906	prefix	usage_e	6491554
5907	path_fragment	vendors/2022	6530972
5908	infix	ion-s	1048564
5909	prefix	IMG_2	1661807
5910	prefix	IMG_2	6420977
5911	prefix	bui	5675543
5912	path_fragment	workspace/platform/exp	9661461
5913	infix	orec	993232
5914	infix	ild-in	4770262
5915	infix	otype_st	4759868
5916	prefix	vendor-l	1429413
5917	prefix	est	8912616
5918	path_fragment	vendors/infra/IMG	6538933
5919	semantic	project policy about staging	3038
5920	prefix	handoff	6928961
5921	infix	erly-sk	6981256
5922	prefix	mockup	4957132
5923	infix	nanc	3909953
5924	path_fragment	migrations/fixtures/lic	7546194
5925	semantic	render schema about presentation	34
5926	infix	1-12.	4970396
5927	prefix	final	9015433
5928	path_fragment	examples/mobile/bud	2638952
5929	prefix	licens	4561383
5930	infix	_des	2270597
5931	infix	30831.	6588538
5932	prefix	pay	5641004
5933	path_fragment	staging/engineering	6433909
5934	semantic	report invoice about output	14
5935	path_fragment	misc/infra/sec	2165982
5936	prefix	portra	6664299
5937	prefix	min	7374618
5938	prefix	sto	7470882
5939	infix	17.t	6948614
5940	path_fragment	team/static/rec	2269516
5941	prefix	render-i	2248640
5942	infix	ndof	6771343
5943	prefix	Conf	8741618
5944	path_fragment	2025/デザイン/tra	4483946
5945	semantic	policy policy about engine	1669
5946	infix	nal-v8.	3052196
5947	infix	copy 	3828943
5948	prefix	sta	6077436
5949	prefix	render	4305701
5950	prefix	header-r	8159889
5951	prefix	supp	3932413
5952	infix	01906	3834271
5953	prefix	sched	6240647
5954	prefix	manifest	7982531
5955	path_fragment	shared/engineering/cus	6732378
5956	path_fragment	Pictures/2021/she	6311024
5957	infix	_27589	5705070
5958	infix	hop.t	9998683
5959	semantic	pipeline proposal about sprint	2768
5960	prefix	index	9955889
5961	infix	stomer-	3471170
5962	infix	sponse	8850181
5963	path_fragment	Documents/2025	2171848
5964	path_fragment	targets/customers/res	5589047
5965	semantic	package profile about statement	3530
5966	prefix	manife	3869236
5967	prefix	portra	9999636
5968	prefix	release	2338289
5969	infix	w-v8 	1651351
5970	infix	tomer-2	2055036
5971	prefix	import	6034795
5972	prefix	produc	7610315
5973	infix	nsfer	7030107
5974	path_fragment	Desktop/operations/pro	5318203
5975	prefix	Stagi	8101879
5976	path_fragment	Projects/2021	6665038
5977	infix	0217_43	6502906
5978	prefix	sec	9844260
5979	semantic	statement workshop about service	2048
5980	infix	inal-2	7037875
5981	path_fragment	core/android/tra	4831868
5982	infix	ngine-	7591810
5983	prefix	survey_	8144694
5984	prefix	rende	5094927
5985	infix	ct-clien	7839531
5986	path_fragment	Projects/frontend/mig	2649734
5987	semantic	annual product about render	2297
5988	prefix	draf	7595395
5989	prefix	Versio	1066314
5990	infix	script	7114048
5991	prefix	securit	1142668
5992	infix	-onb	2088086
5993	prefix	transfer	6861289
5994	prefix	deliver	8454459
5995	prefix	server-2	2085944
5996	infix	etchSp	9829014
5997	path_fragment	lib/products	1570417
5998	semantic	resource wireframe about scratch	1255
5999	path_fragment	lib/legal	3018914
6000	prefix	IMG_2	2481932
6001	prefix	assets_s	3568948
6002	semantic	legacy index about finance	803
6003	prefix	refa	1430152
6004	infix	tract_r	7758681
6005	infix	04-27.mp	6288858
6006	path_fragment	Pictures/2022/wor	7379639
6007	prefix	pro	6034544
6008	infix	sponse-	1410824
6009	path_fragment	migrations/utils/wir	4491513
6010	infix	roduc	1784803
6011	path_fragment	operations/android	6834563
6012	path_fragment	Desktop/accounting/inv	6856879
6013	semantic	customer roadmap about wireframe	3992
6014	prefix	transcri	6333257
6015	infix	outUp	7542559
6016	prefix	syste	7307529
6017	prefix	rol	3853339
6018	prefix	IMG_20	6748714
6019	infix	te-secu	4675684
6020	prefix	wirefram	1297917
6021	semantic	sample data about resource	114
6022	prefix	con	5668050
6023	infix	restore.	7689062
6024	prefix	IMG_202	3176866
6025	path_fragment	clients/misc/hot	663191
6026	infix	g-v2 (co	1849498
6027	path_fragment	服务/personal	7394029
6028	infix	kup.	685971
6029	prefix	profi	8551913
6030	infix	testing-	4851257
6031	path_fragment	Pictures/infra/str	5696189
6032	infix	rnal-	4145000
6033	prefix	sec	1109808
6034	prefix	moc	8152089
6035	infix	ate.is	2875253
6036	path_fragment	Desktop/products	1572740
6037	prefix	securi	1164407
6038	prefix	Customer	4664202
6039	semantic	server research about image	3055
6040	path_fragment	infra/engineering/spe	1479024
6041	prefix	Req	4229473
6042	prefix	specific	2491417
6043	path_fragment	Documents/packages	5010115
6044	prefix	audit-v	7943902
6045	infix	ion-sket	6946225
6046	infix	-v6.	1253350
6047	prefix	minutes	7103957
6048	infix	MG_20210	7858727
6049	semantic	staging logistics about invoice	3064
6050	prefix	pla	4726794
6051	prefix	rese	7628928
6052	prefix	portrai	6095260
6053	prefix	over	1456224
6054	path_fragment	Music/2022	5713497
6055	infix	actorUpd	3317283
6056	infix	3-09	4802192
6057	semantic	logistics render about script	3023
6058	infix	age-tr	7414774
6059	path_fragment	웹/2020/cam	578485
6060	semantic	metrics sandbox about sheet	1888
6061	prefix	budge	1623239
6062	prefix	restore	6945862
6063	path_fragment	inbox/accounting	8751869
6064	path_fragment	shared/outbox/rep	3996215
6065	prefix	proto	5137419
6066	infix	ropos	7453109
6067	infix	eeti	1614136
6068	prefix	support	3806334
6069	infix	-servic	4382475
6070	prefix	templ	3887940
6071	prefix	foreca	6192190
6072	semantic	summary service about dashboard	1241
6073	path_fragment	Documents/outbox/rec	2931303
6074	path_fragment	operations/modules	2843711
6075	prefix	vid	6350018
6076	infix	est.ppt	8663775
6077	infix	int.jp	2366850
6078	infix	udget	977202
6079	prefix	worksho	1736629
6080	prefix	rende	6526785
6081	prefix	minutes-	3205799
6082	prefix	track	5977381
6083	semantic	schedule schema about staging	3869
6084	infix	-survey-	1940038
6085	infix	.jav	9696424
6086	path_fragment	mobile/archive	4839947
6087	infix	efra	9797181
6088	path_fragment	public/media	7425623
6089	prefix	metri	8533627
6090	prefix	man	3690551
6091	path_fragment	reports/static/ima	5114568
6092	prefix	IMG_	4335863
6093	semantic	profile support about server	3036
6094	infix	_proposa	2921675
6095	path_fragment	Pictures/reports	7734462
6096	infix	4.js	8590716
6097	prefix	servi	1060851
6098	prefix	lay	7747182
6099	infix	inute	8201349
6100	prefix	engin	8347357
6101	path_fragment	2022/outbox	7286155
6102	path_fragment	targets/archive	4427531
6103	infix	rt-buil	4757084
6104	infix	-logisti	7916960
6105	semantic	network server about design	70
6106	prefix	camp	3956990
6107	infix	2025-09-	8825763
6108	prefix	IMG_20	8783328
6109	prefix	image-2	5497354
6110	infix	er-v	5027703
6111	prefix	campai	996393
6112	prefix	hand	3986563
6113	infix	-07-19.	7719165
6114	semantic	design metrics about restore	1249
6115	prefix	project	2047821
6116	infix	LegacyRe	5980879
6117	prefix	design	4369753
6118	path_fragment	Projects/common/san	6188909
6119	path_fragment	imports/lib/IMG	6352378
6120	prefix	speci	4973786
6121	path_fragment	resources/media/IMG	9661624
6122	infix	mpor	6941117
6123	prefix	roadmap	8266951
6124	semantic	legacy version about legacy	2805
6125	infix	usage.	35358
6126	prefix	data-sc	1876548
6127	path_fragment	Documents/服务	1689722
6128	prefix	IMG_2	5675594
6129	infix	chedule-	7717501
6130	path_fragment	Projects/packages	1080619
6131	infix	oposal	4922318
6132	prefix	cache_pr	6391172
6133	prefix	usage-2	1794150
6134	prefix	IMG_202	2401274
6135	infix	ma_f	9440202
6136	path_fragment	team/engineering/man	8809252
6137	prefix	transc	907473
6138	semantic	license annual about ledger	3448
6139	infix	ransf	6878353
6140	prefix	rende	9598292
6141	prefix	propos	8543365
6142	infix	tion	8926991
6143	path_fragment	resources/engineering	8682745
6144	infix	napsho	3245308
6145	infix	tch-	9610889
6146	prefix	MinutesT	7856067
6147	semantic	scratch report about engine	2743
6148	path_fragment	packages/benchmarks	6624138
6149	prefix	import-	1590438
6150	infix	o-v5.pd	5166284
6151	prefix	sandbox-	2708238
6152	path_fragment	team/hr	17759
6153	prefix	quarte	8549114
6154	infix	2024	1338286
6155	prefix	engine_	5775553
6156	infix	roll-202	1125801
6157	prefix	index-s	9724444
6158	path_fragment	components/imports/pla	8157712
6159	semantic	resource invoice about transfer	1202
6160	semantic	project resource about customer	475
6161	prefix	metrics	7970172
6162	prefix	report-	8011706
6163	infix	apSurve	9362827
6164	infix	ndoff-u	5615521
6165	infix	-export.	5669484
6166	path_fragment	Projects/research	2676851
6167	prefix	summary	3024229
6168	prefix	engi	3538596
6169	path_fragment	Projects/src/aud	6185269
6170	infix	26100	1442987
6171	infix	cense.p	2665819
6172	prefix	build-s	9456193
6173	prefix	design-2	1590233
6174	path_fragment	infra/static	8948846
6175	prefix	IMG_2	4416880
6176	path_fragment	infra/imports/upl	486162
6177	infix	sign-2	9412493
6178	prefix	por	1156491
6179	semantic	logistics campaign about manifest	3113
6180	prefix	Rollou	6658224
6181	infix	9.xls	3568511
6182	infix	-worksho	854137
6183	prefix	Logisti	1297598
6184	infix	oll.do	2942893
6185	path_fragment	styles/engineering/mee	1766546
6186	path_fragment	tests/2020/net	8570973
6187	prefix	sync	388308
6188	semantic	schedule migration about transfer	341
6189	prefix	meeti	1717296
6190	prefix	Contrac	2511305
6191	prefix	profile	1082275
6192	infix	61113_0	6582426
6193	prefix	rende	2826496
6194	semantic	pipeline schedule about research	3367
6195	path_fragment	misc/lib	775047
6196	path_fragment	infra/misc/pro	8990876
6197	infix	0426_101	5701344
6198	infix	nce.	6641766
6199	prefix	Financ	1879369
6200	prefix	resou	7621475
6201	path_fragment	Documents/archive	7691683
6202	infix	r_no	2130042
6203	semantic	archive support about review	2716
6204	prefix	prici	294370
6205	prefix	client-	2334221
6206	path_fragment	Projects/support	818512
6207	infix	ampaign-	9253153
6208	prefix	pricin	1812549
6209	infix	2605	2463145
6210	infix	out-re	981232
6211	infix	ng-usage	1254436
6212	prefix	project	3654248
6213	prefix	IMG_	1210904
6214	prefix	pro	9286937
6215	path_fragment	quarterly/engineering/mig	7150193
6216	infix	-11.	1180180
6217	path_fragment	targets/2024	9630184
6218	prefix	plan	6025486
6219	semantic	source ledger about package	524
6220	prefix	stagin	7938204
6221	prefix	prese	6796717
6222	prefix	migra	6082398
6223	semantic	annual restore about device	3957
6224	infix	4_86112	8752059
6225	path_fragment	2023/android	1077331
6226	path_fragment	archive/웹	6048168
6227	prefix	notes-20	403507
6228	infix	(copy 1)	9303220
6229	infix	gram	3695855
6230	path_fragment	core/photos/ske	5727220
6231	semantic	statement resource about timeline	571
6232	prefix	updat	6505140
6233	prefix	sandbox	5500556
6234	infix	ort-20	2620988
6235	prefix	overvie	457283
6236	infix	0417	1315602
6237	prefix	IMG_202	6074438
6238	path_fragment	products/misc/inv	7047022
6239	infix	0513_	2201069
6240	prefix	respons	1666115
6241	path_fragment	Music/2026	1596652
6242	semantic	workshop invoice about summary	2854
6243	path_fragment	legal/resources/lic	8349769
6244	prefix	IMG_	9391381
6245	prefix	vendo	7811794
6246	infix	-draft.	737225
6247	infix	pt-sp	6147678
6248	prefix	timelin	8249584
6249	infix	eo.htm	3012335
6250	infix	f-v3.p	2118990
6251	prefix	prop	3395795
6252	semantic	upload pricing about transcript	3246
6253	prefix	assets-	3931357
6254	infix	ex-2019	7764573
6255	path_fragment	Pictures/2019/not	9976454
6256	infix	anif	9996279
6257	path_fragment	Music/admin/Led	4092420
6258	prefix	roadmap	9855526
6259	prefix	kickoff	8505315
6260	prefix	restore-	5809409
6261	infix	_27420	3264698
6262	prefix	request	535206
6263	prefix	schema_p	7310262
6264	path_fragment	utils/infra	252330
6265	infix	-2025-0	3496875
6266	prefix	trans	2349658
6267	semantic	budget onboarding about receipt	1647
6268	path_fragment	2025/outbox/sur	3405261
6269	infix	-11-01.d	2857528
6270	infix	icat	9887040
6271	prefix	output-h	5298105
6272	prefix	ServerDe	2744311
6273	prefix	summary	6937855
6274	infix	erver-v6	5476823
6275	semantic	quarterly transcript about delivery	1721
6276	prefix	pip	612474
6277	path_fragment	デザイン/models/pro	9977377
6278	path_fragment	research/backend/tes	5413139
6279	infix	egacy-pr	4581743
6280	path_fragment	Pictures/vendors/dat	7509465
6281	prefix	ass	837616
6282	infix	lKickoff	3458041
6283	infix	t-ki	9935904
6284	prefix	pre	1100664
6285	prefix	IMG_201	8349789
6286	semantic	schema resource about customer	23
6287	infix	search.	5855170
6288	path_fragment	public/scripts/rol	3522814
6289	prefix	pipelin	9721137
6290	prefix	sketch	9818141
6291	path_fragment	workspace/fixtures/mee	8636826
6292	semantic	resource quarterly about screenshot	1980
6293	prefix	wire	7351773
6294	prefix	presenta	6178798
6295	infix	lease	9534317
6296	infix	ew_s	2011330
6297	infix	plate-u	33222
6298	path_fragment	models/2024	3388792
6299	prefix	IMG_20	9867419
6300	infix	tch.lo	1504678
6301	prefix	engine	6989880
6302	prefix	respons	7215849
6303	path_fragment	public/reports	5115866
6304	prefix	upl	698840
6305	infix	_transfe	9332134
6306	semantic	presentation onboarding about snapshot	767
6307	prefix	IMG	6718962
6308	infix	tract.j	8464975
6309	path_fragment	infra/accounting/sta	2530447
6310	infix	upport	96168
6311	path_fragment	utils/lib/sch	9492164
6312	infix	pt-impor	2531634
6313	path_fragment	scripts/tests	3612578
6314	prefix	staging-	1753901
6315	prefix	notes_	7468474
6316	prefix	mon	8873483
6317	prefix	roadma	6140266
6318	semantic	diagram scratch about staging	2903
6319	infix	copy	5107770
6320	prefix	trans	9270046
6321	infix	n-2023-	6335752
6322	prefix	desi	8303794
6323	path_fragment	admin/utils	1801547
6324	path_fragment	2021/operations	7700883
6325	infix	ne-prod	6705100
6326	semantic	draft estimate about logistics	3746
6327	prefix	output	1456024
6328	infix	hive	1284421
6329	prefix	VendorS	1573023
6330	path_fragment	utils/imports	6742205
6331	prefix	pipe	3087142
6332	infix	er-d	2427893
6333	prefix	inv	7298263
6334	infix	line.js	2921849
6335	prefix	mont	7339527
6336	path_fragment	inbox/reports	2318104
6337	infix	ype-s	5155090
6338	semantic	notes render about budget	3937
6339	prefix	IMG_20	8648865
6340	prefix	sur	9010620
6341	semantic	update layout about pipeline	793
6342	infix	work-ser	3721835
6343	path_fragment	Pictures/2020	8979472
6344	infix	nal-su	562752
6345	infix	-v5.y	6642512
6346	prefix	upl	5263919
6347	path_fragment	photos/examples/pro	7598128
6348	prefix	client-	7817704
6349	prefix	exp	2950598
6350	infix	reques	3760751
6351	path_fragment	quarterly/quarterly/qua	1461735
6352	infix	et.p	8243961
6353	semantic	server customer about data	2465
6354	prefix	wor	5469925
6355	prefix	IMG_201	8774894
6356	infix	o-v6.p	6873145
6357	prefix	draft_	1531276
6358	path_fragment	Projects/research/scr	8733009
6359	prefix	sprint-	157788
6360	infix	e-manif	5276840
6361	semantic	proposal build about transfer	97
6362	prefix	statemen	527615
6363	prefix	quart	2269175
6364	prefix	securit	9873368
6365	path_fragment	components/2019/tem	990404
6366	infix	e-20	9830098
6367	infix	build.j	1963537
6368	path_fragment	infra/backend/Sch	2337208
6369	prefix	layout_n	4935540
6370	infix	rate	2750443
6371	prefix	reco	9013002
6372	path_fragment	inbox/api	2620716
6373	prefix	spri	3920894
6374	semantic	data quarterly about invoice	419
6375	infix	ate.cs	6388940
6376	prefix	scrat	4076813
6377	infix	print_p	3421229
6378	prefix	client-i	6152337
6379	path_fragment	Desktop/hr/str	9770867
6380	prefix	Roa	4921675
6381	semantic	portrait pipeline about overview	2683
6382	prefix	eng	8674106
6383	prefix	speci	467707
6384	infix	ate.cs	8661872
6385	path_fragment	Projects/デザイン	476386
6386	infix	y-201	8561803
6387	path_fragment	Projects/api/ref	6690459
6388	prefix	pipeline	8655879
6389	infix	rofi	8435477
6390	prefix	stat	2820842
6391	infix	ld_spe	6141904
6392	infix	-2021-0	7900762
6393	path_fragment	sales/reports/rel	2617691
6394	path_fragment	Pictures/images/lic	7880861
6395	prefix	IMG_202	756208
6396	infix	rkfl	421452
6397	prefix	IMG	9864010
6398	semantic	script statement about config	1823
6399	prefix	relea	6820730
6400	infix	ockup-v	5399860
6401	infix	-20.jso	3697160
6402	path_fragment	Documents/fixtures/exp	7350944
6403	prefix	asse	2466920
6404	semantic	sprint annual about update	2527
6405	prefix	payroll	3177683
6406	prefix	templat	7827654
6407	prefix	overvi	8733744
6408	infix	igrati	8953806
6409	path_fragment	shared/benchmarks/das	2978620
6410	infix	ting-r	3639031
6411	semantic	minutes image about proposal	3117
6412	path_fragment	images/服务/han	2722341
6413	prefix	contrac	6886358
6414	path_fragment	images/2025	3252285
6415	prefix	IMG	4857194
6416	infix	003_5739	935506
6417	infix	-request	150633
6418	prefix	invo	6008377
6419	prefix	recei	5117565
6420	prefix	sto	204263
6421	path_fragment	웹/admin/int	8587314
6422	path_fragment	resources/archive	8658071
6423	infix	_set	6041108
6424	semantic	export minutes about planning	2325
6425	prefix	int	9797817
6426	infix	prop	5221990
6427	prefix	Migrat	9106579
6428	infix	ox.tx	1131557
6429	prefix	impo	5412235
6430	prefix	dra	2966408
6431	prefix	IMG_2025	5595332
6432	prefix	logi	696312
6433	infix	g.cs	876798
6434	path_fragment	Documents/fixtures	4895983
6435	infix	rksh	841423
6436	infix	ssets-vi	4852716
6437	prefix	onboardi	8671272
6438	semantic	settings build about scratch	2478
6439	path_fragment	vendors/scripts	7039088
6440	infix	sal-scr	9425563
6441	path_fragment	legal/utils/out	38935
6442	prefix	mon	295231
6443	semantic	mockup schedule about update	3839
6444	prefix	prot	4930118
6445	prefix	sample-s	1097610
6446	prefix	usage	1905248
6447	infix	s-sessi	4086881
6448	path_fragment	models/mobile	8632743
6449	infix	dule.doc	9512646
6450	prefix	report_	8194469
6451	infix	t-sec	2742254
6452	infix	lient	1028191
6453	semantic	kickoff tracking about vendor	3753
6454	prefix	IMG_20	3573551
6455	prefix	receip	1398672
6456	prefix	sync-	9453135
6457	path_fragment	imports/research	9003405
6458	infix	umma	1428441
6459	path_fragment	customers/2021	418052
6460	infix	stAsset	9442352
6461	prefix	ledge	4885569
6462	prefix	trac	9518600
6463	infix	sion-v3 	4509714
6464	semantic	roadmap restore about render	237
6465	prefix	response	3919647
6466	path_fragment	common/media	1059253
6467	infix	wire	4742721
6468	path_fragment	服务/accounting	9631354
6469	prefix	summary	6998982
6470	infix	nual-on	4519176
6471	path_fragment	tests/products/usa	7575504
6472	prefix	ref	4978639
6473	prefix	source-	8119693
6474	prefix	profile	539907
6475	semantic	hotfix mockup about config	1064
6476	infix	20-07-0	4525828
6477	infix	t-ven	1592965
6478	prefix	scre	2671232
6479	path_fragment	Videos/hr/pro	8976771
6480	path_fragment	frontend/media	2622386
6481	semantic	support import about sheet	1015
6482	prefix	Service	8631239
6483	infix	ly-ca	1233913
6484	prefix	over	5457118
6485	infix	5613	6890519
6486	infix	nt-minu	6434288
6487	path_fragment	support/exports/upd	8668758
6488	prefix	sch	9083975
6489	prefix	header-	9737782
6490	path_fragment	sales/legal/usa	6778012
6491	prefix	manifes	3201815
6492	prefix	tes	700342
6493	semantic	quarterly service about metrics	320
6494	infix	nder_not	4979668
6495	infix	e-v8.r	6380993
6496	prefix	SheetI	8732416
6497	infix	kflow	1486295
6498	prefix	ver	9369853
6499	path_fragment	packages/imports	7921298
6500	prefix	IMG_2	1285991
6501	infix	eo.ht	9274356
6502	prefix	handof	9226533
6503	prefix	sour	7479745
6504	infix	up-mig	3065077
6505	semantic	image request about notes	1668
6506	infix	91024_90	3188302
6507	prefix	project-	3750799
6508	path_fragment	Documents/research/dev	7420620
6509	path_fragment	support/platform/tem	590357
6510	infix	search	4746122
6511	infix	ics-rec	5953650
6512	semantic	timeline annual about server	2050
6513	path_fragment	benchmarks/support	6292300
6514	prefix	report-v	7114497
6515	infix	gacy	6777620
6516	prefix	prot	7442034
6517	path_fragment	exports/docs/des	3411953
6518	prefix	IMG_202	8029100
6519	prefix	req	5126801
6520	semantic	pricing monthly about update	2311
6521	path_fragment	media/workspace	9513151
6522	prefix	audit-	7304837
6523	infix	_payroll	1826815
6524	prefix	sched	6434945
6525	infix	ge-wiref	8172049
6526	infix	-heade	7801886
6527	prefix	kickoff	369524
6528	path_fragment	personal/platform/min	5445438
6529	prefix	tracki	7497827
6530	prefix	data-202	3824368
6531	path_fragment	customers/customers	3679447
6532	infix	age-spr	7740551
6533	infix	ch_rep	5374193
6534	prefix	samp	7373248
6535	infix	36412.t	7190946
6536	prefix	stagi	4529759
6537	prefix	IMG_20	5879704
6538	semantic	layout campaign about patch	24
6539	path_fragment	public/research/sum	4568183
6540	infix	-tra	6732410
6541	prefix	IMG_202	9936179
6542	prefix	version	2512040
6543	infix	17_9044	3515326
6544	semantic	rollout wireframe about planning	227
6545	infix	ampa	5239394
6546	path_fragment	2019/media	6756869
6547	path_fragment	2022/benchmarks	2968591
6548	prefix	payroll	8875788
6549	prefix	report-	6976923
6550	prefix	hotfix_s	1741549
6551	prefix	Template	6566777
6552	infix	19-10-11	8105315
6553	infix	anif	8382504
6554	infix	e-cont	5257148
6555	prefix	tem	8733873
6556	semantic	product usage about portrait	3039
6557	path_fragment	Videos/common	6733984
6558	path_fragment	sales/clients	3034376
6559	prefix	product-	9098983
6560	semantic	portrait output about engine	1242
6561	prefix	IMG_2	1491937
6562	prefix	IMG	3928774
6563	path_fragment	targets/backend	2225691
6564	prefix	IMG_2	923756
6565	infix	ce-bu	9753512
6566	path_fragment	staging/scripts	6123836
6567	prefix	sheet-v8	9452120
6568	infix	ow.t	6691879
6569	infix	get.do	8135431
6570	path_fragment	Desktop/lib/res	5036332
6571	semantic	cache project about quarterly	806
6572	infix	-06-0	5253689
6573	path_fragment	misc/examples	9852091
6574	prefix	legacy_p	4205190
6575	prefix	Draft	9036401
6576	prefix	not	4051300
6577	infix	mplate-h	9719430
6578	infix	e-pipeli	643201
6579	prefix	cam	4422183
6580	prefix	reso	2020074
6581	path_fragment	images/2019/dra	7801504
6582	path_fragment	Documents/2021/ref	3535539
6583	infix	-leg	9337503
6584	infix	ma-inte	7754799
6585	prefix	archive	7505058
6586	semantic	summary receipt about notes	746
6587	prefix	invoic	6572583
6588	infix	261108	6659977
6589	prefix	ove	7222283
6590	infix	rUpl	2253914
6591	infix	p-led	9354329
6592	path_fragment	2022/mobile	3430190
6593	prefix	build-20	8045417
6594	semantic	onboarding workshop about receipt	3984
6595	prefix	bud	8648131
6596	prefix	handove	7432985
6597	prefix	estim	1828363
6598	infix	session.	3123503
6599	path_fragment	2026/웹/IMG	5033014
6600	path_fragment	Downloads/웹	8674291
6601	infix	se-202	1219159
6602	prefix	samp	1971791
6603	infix	on-desi	3697092
6604	prefix	buil	9048621
6605	path_fragment	2020/misc/pay	8207727
6606	infix	nutesRev	8999561
6607	prefix	sync-v4	5449892
6608	prefix	Rev	8668023
6609	semantic	handover estimate about schedule	2658
6610	semantic	security cache about response	3005
6611	prefix	report-2	866950
6612	prefix	schedu	538195
6613	path_fragment	photos/personal/tra	6494050
6614	path_fragment	personal/src	79975
6615	prefix	pack	1199567
6616	infix	aft_poli	4934362
6617	infix	annual.j	8139930
6618	infix	box-2025	8570979
6619	prefix	Annual	2384392
6620	prefix	sync_	2149911
6621	path_fragment	team/examples/syn	9030609
6622	infix	andoff	8596510
6623	semantic	build diagram about workflow	122
6624	prefix	IMG_2021	8347254
6625	prefix	resp	4713557
6626	prefix	contr	5705754
6627	infix	-cache.	1589957
6628	path_fragment	examples/admin	2550944
6629	infix	-202	4850399
6630	prefix	IMG	4185634
6631	infix	ding	4429143
6632	infix	-06-09	6131867
6633	path_fragment	legal/outbox	1591349
6634	prefix	profile	3813304
6635	semantic	budget sheet about release	3591
6636	prefix	sam	2704324
6637	path_fragment	Desktop/legal/ven	8217554
6638	infix	andbo	6583281
6639	prefix	foreca	9289110
6640	path_fragment	Desktop/benchmarks/eng	789332
6641	prefix	mock	5759804
6642	semantic	internal layout about final	791
6643	path_fragment	api/models	3234771
6644	infix	gisti	5553253
6645	infix	oarding_	3123973
6646	prefix	template	6047064
6647	infix	ient-202	2606118
6648	prefix	stagin	5407483
6649	prefix	Hando	4566893
6650	path_fragment	media/common	6617917
6651	infix	heet-2	6584251
6652	prefix	assets	6434793
6653	path_fragment	Projects/outbox	8769980
6654	prefix	sheet-	2821670
6655	infix	se-v9.	2184473
6656	semantic	assets testing about data	764
6657	infix	ice_r	4695466
6658	prefix	IMG_2	2962784
6659	prefix	sheet_su	7011069
6660	path_fragment	marketing/2026/sup	2333847
6661	path_fragment	models/marketing/sta	8115381
6662	prefix	pipe	2958005
6663	prefix	specific	5488265
6664	semantic	handoff prototype about service	3034
6665	infix	e-snaps	34248
6666	infix	_stag	5366779
6667	prefix	overvie	2786115
6668	infix	6-24.tx	1233928
6669	prefix	TestingC	1235129
6670	prefix	pac	2120745
6671	infix	-hand	2306989
6672	prefix	scri	7911168
6673	path_fragment	admin/modules	4800827
6674	infix	ard-	2732324
6675	infix	posal.jp	19475
6676	semantic	summary sample about finance	205
6677	prefix	IMG	7052261
6678	path_fragment	infra/engineering/lay	9064111
6679	prefix	portrait	8020500
6680	prefix	deliv	5960239
6681	infix	021-05-0	9422935
6682	infix	on-ass	2905774
6683	prefix	IMG_20	5849413
6684	infix	-16.	9337789
6685	prefix	wirefr	5454578
6686	semantic	layout pipeline about budget	1701
6687	path_fragment	Downloads/2020	3926314
6688	path_fragment	tests/common/IMG	4449533
6689	prefix	portra	7101643
6690	semantic	cache annual about sheet	3459
6691	infix	llou	4370998
6692	infix	orecast	8578330
6693	path_fragment	vendors/components/han	3807877
6694	prefix	repo	5775494
6695	infix	logist	9080018
6696	path_fragment	tests/docs	6175833
6697	prefix	Tem	6487028
6698	prefix	strategy	646720
6699	prefix	Product	5728606
6700	prefix	rol	9641311
6701	infix	ollout	3072501
6702	path_fragment	api/admin	9567208
6703	semantic	archive manifest about annual	1940
6704	path_fragment	scripts/images/rec	7084962
6705	infix	ng-track	1515255
6706	prefix	sync-	313484
6707	prefix	portrai	6729298
6708	prefix	payr	8971046
6709	infix	ense-v	2699257
6710	infix	24-12-13	7939132
6711	infix	nance-m	973345
6712	prefix	asset	8119067
6713	path_fragment	archive/media	2942168
6714	prefix	minut	9703808
6715	semantic	planning payroll about sprint	528
6716	path_fragment	infra/fixtures	8209895
6717	infix	 (co	3607830
6718	prefix	presen	3190276
6719	prefix	recordin	2014295
6720	prefix	IMG_	9609925
6721	infix	_2019082	5567476
6722	semantic	recording estimate about staging	2614
6723	path_fragment	sales/tests/roa	7333292
6724	path_fragment	デザイン/engineering	5948407
6725	infix	-27.c	6163241
6726	prefix	sche	3029133
6727	prefix	handover	2950833
6728	prefix	meeti	333131
6729	infix	ey_licen	2622245
6730	prefix	Sup	634127
6731	infix	-15.j	7706351
6732	path_fragment	admin/android	986506
6733	infix	e-meet	7464749
6734	semantic	package tracking about report	2172
6735	prefix	Reco	1870903
6736	prefix	cache-	4919771
6737	infix	ut-cust	1858647
6738	prefix	ledge	4797629
6739	path_fragment	Music/platform/ser	9776286
6740	prefix	IMG_	4864335
6741	infix	tract.	7188346
6742	path_fragment	archive/resources	9689380
6743	prefix	han	7315952
6744	prefix	SessionI	7495667
6745	semantic	restore usage about device	1621
6746	infix	frame-v	64780
6747	path_fragment	admin/accounting	9867106
6748	prefix	system_p	9538666
6749	infix	der-r	2105119
6750	prefix	pro	2554950
6751	infix	-sprint.	1260561
6752	prefix	sample-	4677801
6753	prefix	servic	1522094
6754	path_fragment	accounting/common/leg	2258834
6755	infix	2026111	1364539
6756	semantic	internal update about receipt	216
6757	prefix	pricin	8241431
6758	infix	roposal	6473949
6759	path_fragment	Documents/sales/Ima	1061619
6760	prefix	IMG	2839737
6761	infix	cing-202	1489484
6762	path_fragment	reports/2019/ven	9834803
6763	semantic	workflow internal about strategy	895
6764	prefix	patch	7698807
6765	prefix	sketch-	1606818
6766	infix	al.p	1911376
6767	infix	ype.to	6418275
6768	prefix	bui	4902132
6769	path_fragment	docs/operations	2588779
6770	path_fragment	benchmarks/frontend/upd	7391197
6771	prefix	IMG_2025	4144013
6772	infix	22-0	4028295
6773	path_fragment	Projects/fixtures/IMG	7313219
6774	infix	lease.pn	3076044
6775	prefix	notes-	227118
6776	semantic	build image about sample	1997
6777	prefix	cac	3247571
6778	infix	-hotfix-	7688410
6779	prefix	config	8810361
6780	infix	on-ind	5008039
6781	path_fragment	Music/staging	8687994
6782	prefix	IMG	1725056
6783	infix	ect-rel	8790343
6784	prefix	workshop	1731084
6785	semantic	review device about roadmap	1795
6786	infix	ile-	2932754
6787	path_fragment	workspace/api	3138075
6788	prefix	testing	5911643
6789	prefix	Respon	8370326
6790	prefix	IMG_20	857776
6791	prefix	sandbo	746519
6792	infix	2021-11-	1863217
6793	prefix	sur	1895269
6794	path_fragment	android/scripts/onb	6916644
6795	path_fragment	2021/hr/exp	554183
6796	infix	27.tx	9021921
6797	semantic	tracking monthly about layout	1501
6798	prefix	revie	313563
6799	infix	tch-20	5588140
6800	prefix	releas	879969
6801	semantic	overview license about product	521
6802	prefix	month	8217853
6803	prefix	diagram-	9283668
6804	prefix	handof	7677073
6805	path_fragment	tests/android/Pol	6079009
6806	infix	ession	2600747
6807	infix	d_sketch	7425510
6808	infix	etting	2841837
6809	path_fragment	Desktop/personal	9813096
6810	path_fragment	2024/marketing/IMG	5209376
6811	prefix	test	8373442
6812	semantic	rollout handover about image	784
6813	infix	-cust	1932498
6814	infix	nute	8707375
6815	prefix	vendor-	2651111
6816	prefix	settin	2452865
6817	infix	adMonthl	5693909
6818	prefix	resp	8820709
6819	path_fragment	misc/2025/IMG	2203996
6820	semantic	kickoff screenshot about assets	1989
6821	infix	_arc	3124472
6822	path_fragment	Desktop/targets	9881241
6823	infix	ngine-20	7449566
6824	prefix	IMG	6952097
6825	prefix	set	8431984
6826	path_fragment	api/2025	3894431
6827	prefix	sheet	1882654
6828	prefix	estim	9740171
6829	infix	rnal-2	2513781
6830	path_fragment	hr/images/for	5756134
6831	path_fragment	common/imports	5009757
6832	infix	ort-work	6962086
6833	semantic	survey diagram about minutes	2355
6834	prefix	custome	8721945
6835	infix	7302.jp	1336601
6836	infix	contract	117703
6837	prefix	IMG	4649985
6838	prefix	IMG_2026	4033207
6839	prefix	inde	9285006
6840	prefix	ser	3580619
6841	infix	-05-03	951463
6842	infix	dmap_a	4744123
6843	path_fragment	Documents/backend/IMG	811980
6844	prefix	wire	2274373
6845	infix	t_spri	8703004
6846	prefix	work	3902584
6847	path_fragment	docs/exports	6590530
6848	semantic	update onboarding about onboarding	1331
6849	prefix	mockup-u	1058808
6850	prefix	logisti	1842090
6851	infix	inal-f	2263314
6852	infix	-client.	4027448
6853	infix	0241010_	2473985
6854	semantic	rollout schedule about invoice	1209
6855	prefix	bud	8749626
6856	prefix	pipe	9147559
6857	path_fragment	photos/clients	2714116
6858	path_fragment	2022/components	809290
6859	prefix	bac	4576258
6860	path_fragment	デザイン/legal	1470054
6861	prefix	delivery	6504077
6862	prefix	licen	6296694
6863	infix	load.c	5751670
6864	infix	hly-	9533830
6865	semantic	forecast client about monthly	1513
6866	prefix	camp	1108834
6867	path_fragment	Documents/api	6970709
6868	prefix	video-v8	7384138
6869	infix	-budg	1709602
6870	prefix	Ove	8044438
6871	prefix	IMG_20	1857464
6872	infix	e_so	7295485
6873	path_fragment	Videos/服务	4531222
6874	infix	 2).	5991435
6875	prefix	IMG_	8323389
6876	semantic	device pipeline about diagram	128
6877	infix	er-2	8982094
6878	prefix	IMG_20	4697822
6879	path_fragment	scripts/웹	1529557
6880	path_fragment	photos/research	9543309
6881	prefix	legacy_s	7220577
6882	prefix	han	9342610
6883	infix	-11-	121257
6884	path_fragment	models/archive	9846022
6885	infix	ly-m	8558704
6886	infix	ing.	1878150
6887	prefix	engine	7421033
6888	prefix	sprint-2	785137
6889	semantic	receipt finance about budget	3919
6890	prefix	sess	6172124
6891	infix	10-25.	7869702
6892	infix	h-campai	1165491
6893	path_fragment	public/admin/sup	7952396
6894	prefix	sett	1904620
6895	infix	t.pd	3006171
6896	path_fragment	public/tests	8710733
6897	semantic	receipt index about transcript	3560
6898	prefix	InvoiceS	2652189
6899	prefix	schema-	3231067
6900	prefix	head	4285641
6901	path_fragment	웹/styles/bui	5683988
6902	infix	peline.	1864950
6903	prefix	IMG_202	3866461
6904	path_fragment	Projects/infra/IMG	941386
6905	semantic	presentation specification about project	640
6906	infix	ourc	4081268
6907	infix	licy-	6749978
6908	prefix	onboa	8440514
6909	prefix	log	8874469
6910	prefix	revie	7098507
6911	prefix	estimat	9159844
6912	prefix	planni	2354651
6913	path_fragment	Music/quarterly	6160959
6914	semantic	draft screenshot about screenshot	3705
6915	prefix	render-	6673918
6916	infix	6-28	2399216
6917	infix	G_202202	2443088
6918	path_fragment	styles/common	5168686
6919	infix	-scrip	4173028
6920	semantic	build source about audit	1770
6921	prefix	report	8106312
6922	prefix	res	8648082
6923	path_fragment	mobile/archive	262728
6924	infix	-12-22.j	4503798
6925	prefix	report-d	5018597
6926	infix	eensh	973501
6927	infix	iew-v9.j	8479044
6928	path_fragment	modules/modules	3781143
6929	prefix	testi	498902
6930	prefix	handove	6691177
6931	path_fragment	2025/infra	9801824
6932	prefix	pol	8366602
6933	infix	26-0	5706293
6934	infix	desi	8356680
6935	semantic	specification migration about roadmap	3932
6936	prefix	rollo	7370821
6937	path_fragment	team/android	4042493
6938	infix	on-pro	9834016
6939	prefix	mee	6631176
6940	prefix	timelin	1308138
6941	prefix	IMG_	373782
6942	path_fragment	operations/customers	5727315
6943	semantic	estimate output about sprint	2461
6944	infix	-forec	8313302
6945	prefix	invoice-	4820793
6946	path_fragment	2020/quarterly	2338812
6947	infix	portP	1956035
6948	prefix	reque	6271150
6949	infix	60621_	1645378
6950	prefix	IMG_2023	3271183
6951	infix	orkf	8152241
6952	prefix	vendor_	6682511
6953	infix	age-pat	3677822
6954	path_fragment	styles/2025	1329585
6955	prefix	video-c	841889
6956	semantic	proposal presentation about patch	1482
6957	prefix	storag	4247667
6958	path_fragment	research/engineering/ima	8631730
6959	infix	rt_re	2466935
6960	prefix	researc	5780245
6961	path_fragment	docs/fixtures/she	8600375
6962	prefix	interna	7649384
6963	infix	ease-	8900983
6964	infix	ource	7864225
6965	infix	age.	161465
6966	prefix	suppor	6826832
6967	semantic	manifest notes about sync	2239
6968	prefix	usage-p	8017992
6969	path_fragment	Videos/backend/bui	4063720
6970	prefix	data-s	2608982
6971	path_fragment	sales/examples/Est	1879613
6972	infix	psho	7278542
6973	semantic	template monthly about dashboard	3468
6974	prefix	cust	3360287
6975	prefix	IMG_20	2932541
6976	infix	9071	42367
6977	path_fragment	lib/resources/ser	7538705
6978	prefix	IMG_2	6925738
6979	infix	le-2024-	3716867
6980	prefix	refact	5234075
6981	path_fragment	fixtures/marketing	9603830
6982	prefix	worksh	9042918
6983	prefix	config-	657203
6984	infix	ivery-20	2961830
6985	semantic	customer engine about review	3249
6986	infix	ng-updat	2227589
6987	infix	age-rec	9190927
6988	prefix	script	5808182
6989	path_fragment	quarterly/frontend/IMG	2893576
6990	infix	-2021-	4408658
6991	infix	3-08	4706768
6992	prefix	kick	8534372
6993	prefix	sync-	1582066
6994	path_fragment	Music/inbox	39950
6995	path_fragment	outbox/misc/pol	4838907
6996	prefix	Note	4797172
6997	prefix	manife	6862680
6998	infix	very	5996014
6999	semantic	response report about product	3277
7000	path_fragment	android/imports	3771075
7001	prefix	Dia	7175245
7002	infix	tati	7193102
7003	infix	210423	3962810
7004	prefix	IMG_202	5889631
7005	infix	e-v1.p	6187022
7006	prefix	logisti	2690183
7007	path_fragment	benchmarks/2020/log	2201461
7008	prefix	scratc	3845013
7009	semantic	portrait release about overview	2240
7010	semantic	policy receipt about customer	1736
7011	prefix	forec	5605189
7012	prefix	produ	3758437
7013	path_fragment	exports/android/pro	4059446
7014	infix	rchD	9151779
7015	path_fragment	Pictures/outbox	7767564
7016	prefix	mockup-v	5785533
7017	prefix	payroll	2567389
7018	infix	-09-1	3622972
7019	infix	ummary-r	5633247
7020	prefix	layout-2	3575032
7021	infix	cast	6510418
7022	prefix	fina	5843711
7023	semantic	response render about sandbox	1536
7024	prefix	render-	4880542
7025	infix	oject-2	6437443
7026	prefix	pack	1298433
7027	path_fragment	exports/static/ver	9053553
7028	infix	crat	696622
7029	path_fragment	modules/archive/ske	3325959
7030	semantic	research summary about script	4084
7031	prefix	cache	5804755
7032	path_fragment	vendors/research/log	1451581
7033	path_fragment	targets/exports/led	3189633
7034	infix	ader.j	5701237
7035	prefix	uplo	9585664
7036	infix	y-fina	1054807
7037	infix	2020-11	6474603
7038	prefix	she	1390720
7039	prefix	sync-ske	6977776
7040	infix	ing-s	5573782
7041	path_fragment	服务/support/out	1446514
7042	prefix	IMG_2023	4401988
7043	prefix	ind	5651429
7044	infix	ersion	9446746
7045	infix	mport	2578508
7046	semantic	quarterly assets about project	2323
7047	path_fragment	android/android/mee	3958665
7048	prefix	kick	6557372
7049	prefix	IMG_20	9866228
7050	prefix	respons	8711748
7051	prefix	meeti	1364282
7052	infix	ut_revie	3145442
7053	semantic	kickoff transcript about presentation	219
7054	path_fragment	common/admin/ske	4784939
7055	infix	kflow-	3399647
7056	path_fragment	engineering/support	4906158
7057	prefix	LegacyV	7383212
7058	prefix	revie	4062564
7059	infix	ent-sc	1940266
7060	prefix	plannin	8216061
7061	path_fragment	Music/2024/pla	217301
7062	infix	rver-2	608474
7063	prefix	versi	2385397
7064	semantic	timeline overview about product	2279
7065	prefix	hando	7696778
7066	infix	eipt	5667312
7067	infix	ing-log	368546
7068	path_fragment	customers/images	7605326
7069	prefix	Budget	245054
7070	infix	26-09	6494772
7071	infix	ngine	1529819
7072	semantic	sketch response about version	3313
7073	prefix	mocku	3160965
7074	prefix	upd	5377534
7075	prefix	meeting-	9757443
7076	prefix	scre	5796236
7077	path_fragment	exports/core/upl	7265798
7078	path_fragment	archive/2026	8179628
7079	infix	otes-exp	936892
7080	infix	sion.j	4945143
7081	infix	Notes.d	5772002
7082	prefix	rollou	3641207
7083	path_fragment	misc/photos/sch	1814148
7084	infix	raft_pr	163117
7085	prefix	stag	676648
7086	semantic	roadmap audit about transfer	1027
7087	prefix	mockup-	1309754
7088	prefix	Overview	5434550
7089	path_fragment	api/src/met	7728263
7090	prefix	IMG	9572931
7091	prefix	IMG_	89296
7092	infix	apsh	5354527
7093	prefix	transfe	8854485
7094	path_fragment	archive/admin	3286417
7095	semantic	summary payroll about storage	2747
7096	path_fragment	customers/migrations/rec	9436787
7097	infix	ideoOver	4082319
7098	prefix	IMG_2023	8836618
7099	infix	-07-22.p	9942451
7100	infix	stag	6070659
7101	path_fragment	android/デザイン/scr	8239242
7102	infix	tes.pd	7150532
7103	prefix	stagi	4490456
7104	infix	se.j	7351412
7105	prefix	project	6945766
7106	path_fragment	benchmarks/workspace/cli	5851223
7107	semantic	handoff estimate about notes	675
7108	prefix	IMG_2019	2723427
7109	prefix	stora	712032
7110	path_fragment	operations/shared/log	2263869
7111	prefix	IMG_2019	8620646
7112	infix	sentat	5665310
7113	infix	ickoffD	760380
7114	prefix	snaps	4892502
7115	infix	02-28.zi	4667709
7116	prefix	syn	8314637
7117	semantic	quarterly recording about cache	3607
7118	path_fragment	platform/utils	8202370
7119	prefix	tem	2722526
7120	prefix	manifes	2314196
7121	semantic	schedule profile about sample	4044
7122	path_fragment	research/tests	7364159
7123	infix	_policy_	4082235
7124	infix	0116_	6446860
7125	infix	out-se	6437478
7126	prefix	timeli	3889356
7127	path_fragment	targets/research/mee	5203575
7128	prefix	Scra	3059240
7129	prefix	interna	85521
7130	prefix	contrac	1175281
7131	prefix	upda	4708411
7132	prefix	ses	392916
7133	semantic	final device about draft	3996
7134	infix	ice.jp	8095049
7135	prefix	onboardi	6107355
7136	path_fragment	misc/imports	7000919
7137	path_fragment	Projects/styles/IMG	5934492
7138	infix	2024-04	8035798
7139	infix	ader.	4277812
7140	prefix	quarte	1942767
7141	path_fragment	Pictures/2023/lay	7882449
7142	infix	Portrait	548816
7143	path_fragment	support/photos	8439176
7144	infix	023-04-2	1197432
7145	prefix	IMG_2020	9586348
7146	semantic	final upload about security	3957
7147	prefix	patc	1385947
7148	infix	6_058506	6328450
7149	prefix	server	6109346
7150	prefix	IMG_202	486872
7151	infix	-202	8543097
7152	infix	8.jp	727928
7153	infix	-sketc	9665120
7154	prefix	sup	6378106
7155	path_fragment	Projects/2020/IMG	3887577
7156	prefix	cache-sn	290895
7157	prefix	manifes	4438651
7158	semantic	package video about planning	3838
7159	path_fragment	Music/infra/ima	6630542
7160	prefix	update-e	2262161
7161	prefix	build-	2807800
7162	semantic	budget render about update	1988
7163	prefix	annual	2302027
7164	infix	vice-	938750
7165	path_fragment	photos/infra/syn	951656
7166	infix	get-d	4464617
7167	path_fragment	2019/2023/dra	5112924
7168	prefix	custo	481481
7169	infix	ndover-	7999554
7170	path_fragment	2020/common/Upl	9785090
7171	path_fragment	Pictures/packages	5712080
7172	infix	copy 2).	550182
7173	infix	uppor	4534441
7174	semantic	network index about minutes	2805
7175	prefix	image	6528194
7176	prefix	spri	2764567
7177	prefix	script	9205902
7178	infix	vey-sp	3624187
7179	prefix	onboardi	9875053
7180	infix	aign-pro	8425666
7181	infix	2023	9925317
7182	path_fragment	웹/lib/des	1008904
7183	prefix	sample-2	9761070
7184	path_fragment	core/2019/sch	1486498
7185	infix	c-usage	1569636
7186	semantic	script system about transcript	388
7187	prefix	timeli	9839676
7188	prefix	cust	2064748
7189	prefix	securi	2360778
7190	semantic	review handover about index	328
7191	prefix	sour	974314
7192	prefix	stor	9694453
7193	prefix	overvie	6765607
7194	infix	ockup.	4508061
7195	path_fragment	Documents/lib	2361737
7196	infix	-final.p	2946127
7197	infix	sage	7988734
7198	prefix	contrac	1014476
7199	path_fragment	research/infra	4566185
7200	prefix	wiref	6592881
7201	infix	ew-v	4866402
7202	prefix	video	2389425
7203	infix	rt-v9.pn	1105367
7204	prefix	network-	836410
7205	semantic	presentation ledger about patch	3149
7206	prefix	IMG	2037481
7207	path_fragment	Desktop/outbox	5156487
7208	path_fragment	2025/products/ser	4584739
7209	infix	1023_	6498303
7210	prefix	staging_	2217040
7211	prefix	request	4125402
7212	semantic	internal snapshot about request	3926
7213	infix	recei	9356081
7214	prefix	minu	7004987
7215	infix	nshot	540887
7216	path_fragment	modules/migrations/inv	490927
7217	prefix	spr	8952269
7218	infix	ease-	281539
7219	path_fragment	outbox/exports	5676897
7220	prefix	Lay	223886
7221	infix	ache-v7.	416536
7222	path_fragment	components/scripts/sam	593642
7223	infix	ntract.c	9464601
7224	prefix	workflow	8043606
7225	prefix	delive	7761602
7226	prefix	pres	6197108
7227	infix	ram-202	1596513
7228	semantic	receipt workflow about layout	1726
7229	path_fragment	components/inbox/sch	4534897
7230	prefix	dashboa	6456237
7231	prefix	video	4837927
7232	prefix	cust	9843408
7233	path_fragment	src/customers/set	5692102
7234	infix	ockup.jp	1174803
7235	infix	-resour	3452934
7236	semantic	video policy about meeting	549
7237	infix	llout.	6378409
7238	prefix	stor	854788
7239	path_fragment	clients/src/res	9580071
7240	prefix	sch	308834
7241	infix	202411	2322240
7242	path_fragment	admin/admin/led	4771361
7243	prefix	wor	3643636
7244	path_fragment	Projects/2021/han	3047357
7245	infix	-v2.	1223844
7246	infix	oposal-	5146491
7247	prefix	migratio	5303292
7248	prefix	sessio	8164990
7249	semantic	proposal storage about handover	1570
7250	path_fragment	backend/images/IMG	9369570
7251	infix	sal-202	8822900
7252	prefix	workflow	6105700
7253	infix	r-intern	5590066
7254	prefix	image-p	1415916
7255	semantic	release build about draft	1311
7256	prefix	metric	2768134
7257	infix	ine.	9209449
7258	prefix	schema	1562960
7259	path_fragment	Projects/docs/sam	6167042
7260	prefix	Tran	904822
7261	path_fragment	engineering/public/Cli	7676165
7262	path_fragment	scripts/targets/des	5761356
7263	prefix	patch_	1446938
7264	prefix	transfer	5413689
7265	infix	ice-	3514531
7266	infix	tora	9269807
7267	infix	ple.sv	1772601
7268	semantic	source archive about profile	3211
7269	prefix	budget-	9618579
7270	infix	09-28.pn	7707173
7271	semantic	sample timeline about budget	1072
7272	path_fragment	common/src	5403984
7273	path_fragment	admin/tools/pac	5915536
7274	prefix	source_	6797691
7275	prefix	session	75905
7276	prefix	IMG	2828869
7277	infix	ampaign-	4241372
7278	infix	ession	2808413
7279	prefix	IMG_	8666999
7280	infix	ardi	9643523
7281	path_fragment	2025/media	3721640
7282	infix	ard-	663224
7283	prefix	transfer	9848330
7284	prefix	DraftTr	4153426
7285	infix	5_470	5651172
7286	semantic	license resource about diagram	2384
7287	path_fragment	Desktop/migrations/IMG	8740572
7288	prefix	transcr	5117639
7289	prefix	IMG	5286146
7290	path_fragment	Projects/2023	2585807
7291	prefix	IMG	46421
7292	path_fragment	frontend/legal	2192083
7293	infix	t-ti	1889002
7294	prefix	IMG	7604293
7295	prefix	layou	2118986
7296	infix	ayou	6919403
7297	prefix	IMG_2	6167944
7298	infix	).pn	8259835
7299	semantic	network project about output	253
7300	infix	arterly	7428467
7301	infix	doff	688316
7302	path_fragment	operations/2026	1273919
7303	prefix	res	7796725
7304	prefix	script-	5726652
7305	infix	0414_569	1374582
7306	path_fragment	2021/common	1753760
7307	prefix	IMG_2022	9275112
7308	prefix	arch	9271146
7309	semantic	archive pricing about system	3377
7310	path_fragment	shared/shared	6419497
7311	infix	_202202	2460261
7312	prefix	Cont	9109957
7313	semantic	system schedule about handoff	3015
7314	infix	ogis	1915279
7315	prefix	package-	2386985
7316	infix	a.jp	9845412
7317	prefix	testi	2977862
7318	prefix	IMG_201	1717236
7319	path_fragment	Downloads/api	9163590
7320	infix	sentat	849483
7321	prefix	audit_tr	7159805
7322	prefix	proje	1538677
7323	semantic	onboarding customer about request	65
7324	path_fragment	mobile/platform	6929289
7325	path_fragment	staging/lib	4380918
7326	infix	ct_t	1793635
7327	prefix	Proposa	9448445
7328	prefix	snapshot	2770158
7329	infix	23-01-	8244677
7330	semantic	receipt budget about contract	2961
7331	prefix	prici	7339098
7332	infix	ew.yam	3873175
7333	prefix	sketc	3675159
7334	prefix	pack	5840354
7335	prefix	pipel	1607535
7336	path_fragment	public/sales/sup	685317
7337	path_fragment	products/workspace	5656152
7338	infix	0240711	6343158
7339	infix	sent	4960470
7340	infix	ation.	8919511
7341	semantic	policy kickoff about invoice	3128
7342	prefix	research	8444370
7343	prefix	receipt_	9569816
7344	infix	efacto	5377783
7345	infix	.jso	6861368
7346	prefix	IMG_	4309123
7347	path_fragment	images/legal	5684520
7348	path_fragment	staging/archive/sta	2200119
7349	prefix	IMG_202	1621226
7350	semantic	final usage about request	234
7351	path_fragment	2025/research/han	7953529
7352	infix	oject-	1271396
7353	path_fragment	Downloads/styles	3620959
7354	prefix	secu	5470196
7355	prefix	back	8480499
7356	infix	ge-re	9227266
7357	prefix	migrat	5797763
7358	infix	2026-	9177284
7359	prefix	Hot	6927683
7360	infix	-08-08.p	6615504
7361	infix	acy-	5430979
7362	semantic	draft render about workflow	2637
7363	path_fragment	components/engineering	5865805
7364	prefix	version	5663935
7365	prefix	hot	4940808
7366	path_fragment	reports/products	5553987
7367	infix	_20220	740151
7368	prefix	IMG_	3941874
7369	prefix	IMG	6670850
7370	infix	ng-upda	6334872
7371	prefix	restor	2927018
7372	prefix	quart	8427449
7373	infix	rResear	9621548
7374	infix	ing-202	9370628
7375	prefix	aud	9286679
7376	prefix	staging-	5396942
7377	path_fragment	tools/customers/imp	1231223
7378	semantic	refactor sprint about handoff	2196
7379	path_fragment	admin/outbox	830363
7380	prefix	snap	4380345
7381	prefix	minutes-	9146080
7382	infix	oll-spe	1097538
7383	prefix	Upd	1742535
7384	prefix	Bac	3173383
7385	path_fragment	Projects/2026/des	8106055
7386	infix	late_	5994663
7387	path_fragment	mobile/backend	7177632
7388	semantic	overview rollout about sheet	1069
7389	infix	ecordin	6402993
7390	path_fragment	public/images/wor	2820116
7391	path_fragment	2022/reports	6946953
7392	prefix	onbo	4574733
7393	infix	orkflo	7039283
7394	infix	factor-	1130863
7395	prefix	IMG_	8336503
7396	prefix	template	3449182
7397	prefix	hotf	9155442
7398	infix	stQua	3494729
7399	semantic	recording settings about tracking	3668
7400	infix	ine.p	8963219
7401	prefix	custome	7713332
7402	infix	v3.pn	8384585
7403	infix	nvoice.m	322025
7404	prefix	buil	4695352
7405	prefix	backup	4633121
7406	path_fragment	Projects/targets	9147884
7407	path_fragment	platform/marketing	9365912
7408	prefix	proposa	2024022
7409	semantic	campaign patch about video	404
7410	infix	handov	5048719
7411	semantic	research workflow about roadmap	1721
7412	infix	py 1	701752
7413	prefix	schem	3296777
7414	prefix	IMG_	6977623
7415	path_fragment	Projects/outbox/man	9575876
7416	prefix	license	8988239
7417	path_fragment	frontend/imports/tem	3706317
7418	infix	-10.ja	1921010
7419	prefix	engine_	1055835
7420	path_fragment	support/targets/fin	761211
7421	infix	hboar	5291260
7422	prefix	deliv	5441059
7423	semantic	import contract about output	2581
7424	path_fragment	2020/models	2947184
7425	prefix	trans	1376410
7426	infix	t-v1	579731
7427	infix	-notes	1965963
7428	prefix	speci	4025414
7429	prefix	sketch_r	7673790
7430	prefix	str	2240818
7431	prefix	video-k	73336
7432	prefix	patch-2	3728797
7433	path_fragment	media/images/arc	3881249
7434	infix	-09-24.m	5261068
7435	path_fragment	styles/operations/res	3808701
7436	prefix	man	7276998
7437	semantic	policy device about policy	1392
7438	infix	onthly	8530343
7439	infix	rterly	9950399
7440	prefix	image-	7478256
7441	semantic	scratch upload about image	3130
7442	infix	ing_fi	574345
7443	infix	ut-respo	529685
7444	prefix	engi	5732005
7445	prefix	workf	2956443
7446	infix	-07-1	9511372
7447	path_fragment	src/backend/rev	7784133
7448	path_fragment	vendors/legal/sum	8847559
7449	prefix	patch	12167
7450	prefix	sta	1351845
7451	semantic	system quarterly about version	2375
7452	infix	07-0	3452930
7453	prefix	tran	2250395
7454	path_fragment	fixtures/products	6488808
7455	prefix	reques	2944197
7456	infix	roto	5998267
7457	prefix	hando	6338140
7458	path_fragment	lib/mobile	2258894
7459	infix	st-202	217110
7460	infix	-v3.	4142967
7461	semantic	resource script about notes	3031
7462	infix	esearc	8449124
7463	path_fragment	scripts/fixtures/ver	4726566
7464	prefix	IMG_	9891990
7465	prefix	invoic	8719139
7466	path_fragment	shared/personal	7067454
7467	prefix	upl	7797414
7468	prefix	MinutesM	7274340
7469	infix	-2025	5847504
7470	prefix	metrics-	829142
7471	path_fragment	styles/2025	5185568
7472	prefix	legac	8388609
7473	path_fragment	migrations/accounting	6492399
7474	semantic	draft legacy about transfer	611
7475	infix	0240122_	5615268
7476	infix	202008	808575
7477	infix	tfix	155784
7478	prefix	polic	9074969
7479	prefix	IMG_20	503846
7480	infix	ve.m	5689722
7481	semantic	snapshot image about presentation	2713
7482	prefix	Manifes	528231
7483	prefix	ses	7065678
7484	infix	cont	2589696
7485	prefix	exp	2597044
7486	infix	t-2026-	9981346
7487	path_fragment	legal/operations/fin	6083586
7488	path_fragment	clients/common/tra	9989208
7489	prefix	Cus	8539617
7490	infix	anifest-	6795278
7491	path_fragment	Documents/backend	3239264
7492	prefix	Presenta	7280021
7493	path_fragment	infra/accounting/inv	1789814
7494	prefix	esti	3680
7495	prefix	licens	5235199
7496	semantic	network monthly about transfer	2980
7497	prefix	survey	2732477
7498	infix	ding-	6948151
7499	infix	iagram-p	3054045
7500	path_fragment	Documents/2026	8119727
7501	prefix	propos	3765582
7502	semantic	migration support about sketch	3194
7503	prefix	time	5839210
7504	infix	n-imag	7090851
7505	prefix	restore-	2484435
7506	infix	dule	8879555
7507	path_fragment	デザイン/hr	4886945
7508	infix	8-17	8434668
7509	prefix	rende	4203715
7510	path_fragment	media/engineering/res	1130682
7511	prefix	sprint-2	8651016
7512	prefix	layout	1922715
7513	semantic	report build about logistics	1169
7514	path_fragment	infra/support/sys	3450019
7515	infix	MG_20	4492978
7516	prefix	manif	4364957
7517	prefix	net	8059227
7518	infix	t-mo	5552267
7519	infix	ate_	5446643
7520	infix	3_1174	497659
7521	prefix	pipeli	4073712
7522	semantic	schema prototype about script	4027
7523	prefix	IMG	9478676
7524	path_fragment	Videos/support	5458222
7525	infix	screens	7342653
7526	prefix	upda	3649651
7527	infix	2022-12	1141256
7528	path_fragment	images/workspace/out	4710699
7529	prefix	upda	5050342
7530	semantic	service customer about research	572
7531	infix	egacy-	1092669
7532	infix	resent	9038301
7533	prefix	samp	6675649
7534	infix	4-17.j	7242966
7535	path_fragment	public/workspace/Upd	7854629
7536	prefix	Policy	2951224
7537	prefix	IMG_2022	4938503
7538	prefix	IMG_202	2770660
7539	path_fragment	static/clients	9422134
7540	prefix	IMG_202	4863246
7541	prefix	recor	3874152
7542	prefix	IMG_	6747643
7543	prefix	server-	6944812
7544	path_fragment	team/shared/pac	2366731
7545	infix	v6 (copy	7073865
7546	path_fragment	vendors/examples	4449297
7547	semantic	render delivery about transfer	7
7548	infix	-v1.p	8838533
7549	infix	omer-	1901920
7550	path_fragment	lib/hr	5299521
7551	infix	line	6348527
7552	infix	G_20	481740
7553	prefix	summary	4183831
7554	semantic	policy estimate about summary	3626
7555	prefix	IMG_202	1774972
7556	prefix	header-	1327102
7557	infix	er-v4.tx	6500475
7558	path_fragment	styles/quarterly/das	3861216
7559	prefix	Pre	9895323
7560	infix	se.j	5505917
7561	semantic	hotfix delivery about source	1519
7562	prefix	campaig	2419808
7563	path_fragment	frontend/packages/pla	6092532
7564	path_fragment	docs/staging	9438314
7565	prefix	Sch	7575948
7566	infix	usage.j	206068
7567	prefix	Dia	681393
7568	prefix	logis	2778532
7569	infix	0-10	7038872
7570	prefix	IMG_	5602758
7571	path_fragment	examples/shared	6060012
7572	infix	naps	7373973
7573	prefix	rollo	3037752
7574	infix	ce_mig	3531148
7575	path_fragment	2024/src	559113
7576	prefix	IMG	5382050
7577	infix	ta-v4.j	4837724
7578	semantic	workflow server about sample	3127
7579	prefix	proposa	7861331
7580	path_fragment	2021/2020/rol	8356118
7581	infix	-05-15.j	9774450
7582	infix	ript-	478240
7583	semantic	specification archive about sheet	1514
7584	prefix	upload-e	4748048
7585	prefix	config	7316563
7586	infix	v6.p	998114
7587	prefix	diag	2204442
7588	path_fragment	shared/2024	7748073
7589	prefix	handove	3401283
7590	infix	ne-20	443153
7591	prefix	pipeline	1161971
7592	prefix	backup_	2416963
7593	infix	_2020	4565526
7594	infix	tract_st	3916457
7595	path_fragment	misc/mobile	1830658
7596	semantic	review patch about forecast	3228
7597	prefix	Rollout	6816233
7598	prefix	rest	2167121
7599	path_fragment	static/hr	7749611
7600	path_fragment	Pictures/packages/pay	1224974
7601	path_fragment	Music/api	2990994
7602	prefix	respons	1523798
7603	prefix	IMG_2022	438665
7604	semantic	screenshot import about usage	2152
7605	prefix	notes	8598952
7606	infix	or-secu	9723551
7607	prefix	engine-2	6998910
7608	infix	es-p	195827
7609	infix	onthly	7141309
7610	prefix	mock	7121526
7611	semantic	session legacy about policy	1168
7612	prefix	hando	3341103
7613	infix	-mani	8500103
7614	prefix	policy-	6918038
7615	path_fragment	team/support/Pip	1311824
7616	infix	schedule	760133
7617	prefix	bac	4131444
7618	infix	inal.ya	9838422
7619	path_fragment	android/lib	2706175
7620	infix	arch-20	9427433
7621	prefix	screen	2967136
7622	path_fragment	lib/infra	3536600
7623	semantic	sync audit about design	2113
7624	infix	t-ex	9978782
7625	infix	-v4.jp	2557259
7626	prefix	template	5179666
7627	prefix	draft_	4940435
7628	prefix	pricin	7301919
7629	path_fragment	src/admin/sch	9193806
7630	infix	king-v3.	8821483
7631	infix	sketch.	6898186
7632	prefix	reques	999478
7633	prefix	export_	8233394
7634	path_fragment	personal/products/pro	3913040
7635	infix	_202	926634
7636	semantic	timeline schema about version	845
7637	path_fragment	scripts/modules/sur	7470812
7638	prefix	IMG_20	3357162
7639	prefix	budg	9808322
7640	infix	ets_	1837811
7641	infix	line.p	4926044
7642	prefix	proposal	3643498
7643	infix	em-surve	4774499
7644	prefix	onb	4282617
7645	prefix	settings	9825727
7646	path_fragment	shared/styles/ima	2184997
7647	prefix	overvie	4127934
7648	path_fragment	Desktop/デザイン	365021
7649	semantic	license build about review	2241
7650	prefix	test	5721687
7651	infix	7519	1477505
7652	path_fragment	Projects/public/rev	608033
7653	path_fragment	lib/fixtures/Con	4463029
7654	prefix	engine-	1555089
7655	prefix	sto	1153251
7656	semantic	sample migration about summary	1820
7657	prefix	output	4855084
7658	infix	migr	2087725
7659	infix	9.tx	6595608
7660	path_fragment	Desktop/2026	3836700
7661	infix	nanc	3378869
7662	path_fragment	packages/shared/req	2515785
7663	prefix	fin	4823163
7664	prefix	resto	564793
7665	semantic	meeting strategy about device	2754
7666	infix	work.doc	5893350
7667	prefix	shee	8312996
7668	prefix	intern	9024712
7669	infix	anscrip	5187788
7670	semantic	invoice planning about backup	330
7671	path_fragment	core/staging	7359093
7672	prefix	des	1545171
7673	infix	2024-11	2034853
7674	path_fragment	team/2023	7140572
7675	infix	-produc	3535503
7676	prefix	migra	2653831
7677	prefix	spri	7276400
7678	infix	rvice-20	58289
7679	prefix	device	2669910
7680	infix	t-packa	4115170
7681	prefix	forecas	9343039
7682	prefix	IMG_2024	2814999
7683	path_fragment	2023/api	228705
7684	prefix	prot	5650117
7685	infix	-usage-m	9651256
7686	prefix	audit-p	6266598
7687	infix	n_quarte	9686969
7688	semantic	presentation handover about forecast	2391
7689	path_fragment	scripts/staging/set	9453648
7690	path_fragment	common/android/man	685410
7691	semantic	proposal statement about migration	1410
7692	prefix	Min	7692620
7693	infix	fix.	5294087
7694	infix	date_sna	7787202
7695	prefix	wiref	2129863
7696	prefix	draft	3191426
7697	prefix	invoice	3519877
7698	infix	ll-v7.xl	4690060
7699	path_fragment	personal/2023	2609988
7700	path_fragment	backend/2022/pri	424249
7701	prefix	sandbo	6567485
7702	semantic	planning service about license	1280
7703	infix	-2026-1	1167702
7704	prefix	video-	2061539
7705	prefix	dia	5026726
7706	infix	tem-v4.m	4422403
7707	infix	contract	9202929
7708	path_fragment	Desktop/android	8366588
7709	prefix	sprint	9481639
7710	infix	ion-202	5153266
7711	prefix	payroll-	620054
7712	path_fragment	mobile/inbox/rec	8079083
7713	semantic	vendor specification about data	3538
7714	prefix	staging-	6171171
7715	prefix	archi	7491689
7716	infix	ew-budge	8378622
7717	path_fragment	Documents/vendors	9589215
7718	infix	-settin	486305
7719	prefix	repo	2882345
7720	infix	v7 (	1856361
7721	path_fragment	outbox/inbox/dev	3515713
7722	infix	view_cac	8364493
7723	prefix	IMG_202	9122105
7724	path_fragment	Projects/src	1430674
7725	prefix	patc	867086
7726	prefix	image-s	3770219
7727	prefix	scree	9774071
7728	semantic	handover pipeline about patch	1274
7729	infix	ireframe	1878963
7730	prefix	SystemP	6911226
7731	infix	upport_s	7618632
7732	path_fragment	fixtures/2020/bui	5617780
7733	prefix	hotf	9955252
7734	prefix	Pay	8688362
7735	infix	ript-u	9303653
7736	prefix	sheet-20	457514
7737	infix	e-proje	7386861
7738	semantic	service image about request	589
7739	path_fragment	android/models/IMG	7181071
7740	prefix	res	8335604
7741	prefix	wir	4939375
7742	infix	MG_2021	4185123
7743	semantic	import handoff about output	397
7744	prefix	IMG_2	132635
7745	path_fragment	scripts/clients	5977522
7746	infix	-05.	187868
7747	prefix	snapsho	366835
7748	path_fragment	Videos/2023	605401
7749	infix	efactor-	4849705
7750	path_fragment	웹/models	7460156
7751	prefix	upload	3308238
7752	path_fragment	modules/photos	1731344
7753	prefix	data-2	3712292
7754	prefix	Moc	3137088
7755	infix	G_2023	6943238
7756	semantic	product package about receipt	811
7757	infix	uarte	4118080
7758	prefix	networ	5482434
7759	infix	-21.cs	5466365
7760	prefix	pricin	3916853
7761	prefix	tra	5512863
7762	path_fragment	2023/quarterly/res	6344069
7763	infix	final	3541418
7764	semantic	package security about customer	2193
7765	prefix	survey	4337513
7766	path_fragment	infra/support/hea	2556070
7767	infix	le-data	7041328
7768	infix	ecei	6882885
7769	prefix	planni	142234
7770	prefix	client	1593459
7771	infix	ual-vi	3366356
7772	prefix	sprin	4414838
7773	prefix	sample-	7668798
7774	prefix	ledger-v	3957963
7775	infix	ard-min	9389527
7776	path_fragment	engineering/inbox	6133145
7777	semantic	diagram staging about data	500
7778	infix	1 (c	1528564
7779	path_fragment	infra/tests	1107151
7780	prefix	uploa	3614594
7781	infix	ranscr	5743715
7782	prefix	output	6469869
7783	path_fragment	images/reports/lic	3354199
7784	semantic	header output about pipeline	474
7785	prefix	shee	7234371
7786	path_fragment	tools/fixtures/pol	2175465
7787	infix	tTimelin	9497568
7788	prefix	inter	447495
7789	infix	5174	4996520
7790	prefix	pipeline	3243362
7791	infix	06-24.l	7049411
7792	semantic	proposal timeline about onboarding	2668
7793	path_fragment	targets/2022	8191877
7794	prefix	arch	4602061
7795	prefix	mocku	7477237
7796	infix	6 (c	3644335
7797	infix	Plannin	5856904
7798	path_fragment	웹/marketing/onb	6146092
7799	prefix	IMG_2019	2522307
7800	infix	ta-sup	923318
7801	prefix	upload	6413028
7802	prefix	scr	6955931
7803	prefix	wire	6575233
7804	prefix	expo	6567317
7805	infix	-storage	6337658
7806	path_fragment	Music/2021/qua	1953567
7807	path_fragment	admin/inbox	871313
7808	infix	it-v	2208392
7809	semantic	data system about finance	2676
7810	prefix	work	1702507
7811	path_fragment	media/misc/IMG	54235
7812	semantic	audit script about mockup	3445
7813	prefix	sheet-	64818
7814	infix	voice_	3247372
7815	path_fragment	Music/styles	7159654
7816	infix	e-setti	8936138
7817	infix	07-23.p	5954685
7818	prefix	notes-	8233184
7819	prefix	mock	6868752
7820	prefix	recordin	4003638
7821	infix	nifest.	5379631
7822	prefix	scratch-	861865
7823	path_fragment	misc/2024/moc	1269601
7824	infix	ile.	1268965
7825	prefix	device-	3804364
7826	path_fragment	src/personal/hot	8113068
7827	semantic	workflow support about final	679
7828	prefix	propo	2159027
7829	infix	rsio	2553055
7830	path_fragment	Videos/media/ann	6229879
7831	prefix	export-	2323114
7832	path_fragment	images/archive/vid	4421160
7833	prefix	Receip	475688
7834	infix	-respo	1833333
7835	semantic	wireframe export about report	1574
7836	infix	gs-inv	3814442
7837	prefix	uploa	4059281
7838	infix	atch-201	2642226
7839	prefix	syst	6879456
7840	prefix	onbo	7565234
7841	infix	vey-es	9472689
7842	infix	-spec	9249441
7843	prefix	impo	3990128
7844	infix	ding	2789094
7845	path_fragment	fixtures/misc/she	2703124
7846	prefix	Inde	2350501
7847	path_fragment	frontend/api/inv	3698011
7848	prefix	dashbo	8892494
7849	semantic	metrics response about budget	283
7850	path_fragment	Downloads/engineering	839028
7851	semantic	diagram usage about strategy	423
7852	path_fragment	Videos/migrations/ann	566623
7853	prefix	workshop	7077698
7854	infix	ipt.do	5689252
7855	infix	nboardi	1572044
7856	prefix	testi	735887
7857	prefix	project	6950299
7858	infix	y 2).pd	3366035
7859	prefix	ledge	8722390
7860	infix	e-backup	9333153
7861	prefix	schedul	3724691
7862	path_fragment	core/core	2484194
7863	prefix	IMG_20	9011308
7864	path_fragment	outbox/2020/tra	8289150
7865	prefix	annual-	3769193
7866	semantic	pipeline import about audit	1595
7867	infix	ew-ledge	5089486
7868	infix	e_lay	7492720
7869	prefix	IMG	3623667
7870	infix	rMeetin	8076153
7871	path_fragment	hr/operations/IMG	4429493
7872	path_fragment	tests/utils/man	806653
7873	prefix	asse	3345628
7874	semantic	annual render about migration	1719
7875	infix	it.x	713477
7876	infix	ort-rend	5984305
7877	prefix	network-	467760
7878	prefix	IMG_2	5908347
7879	prefix	sch	5296724
7880	infix	deo-sync	6676387
7881	semantic	resource screenshot about snapshot	2803
7882	prefix	logis	5599334
7883	infix	ing-head	5888448
7884	prefix	bud	7053755
7885	path_fragment	support/デザイン/IMG	2412523
7886	prefix	rollout-	8933636
7887	infix	-2026-	7972400
7888	prefix	speci	6645852
7889	path_fragment	quarterly/personal/pro	562867
7890	path_fragment	Downloads/2020	4054983
7891	prefix	Prototyp	2357608
7892	infix	2-11-15.	1476394
7893	semantic	system notes about onboarding	2640
7894	prefix	Quarte	6486605
7895	infix	roll	7116490
7896	prefix	requ	8319703
7897	infix	store.r	1107023
7898	path_fragment	outbox/components/con	5325829
7899	prefix	contract	5706454
7900	prefix	prod	2885373
7901	path_fragment	admin/src/qua	6978386
7902	semantic	summary data about meeting	1782
7903	path_fragment	vendors/resources/pac	6268826
7904	prefix	rese	4856906
7905	infix	flow_pip	3233903
7906	prefix	snap	7150683
7907	infix	-sta	2258054
7908	prefix	testin	1793481
7909	infix	_transc	7866366
7910	path_fragment	2020/tools	3684574
7911	infix	t-sou	2111345
7912	prefix	network	7381028
7913	infix	rt-patc	3095073
7914	infix	-fina	6200214
7915	prefix	sess	486993
7916	prefix	summary-	1649637
7917	prefix	video_pi	7776205
7918	path_fragment	images/platform	3610288
7919	semantic	system session about usage	2472
7920	prefix	exp	5376693
7921	prefix	eng	3272597
7922	infix	nt_o	2123952
7923	path_fragment	benchmarks/backend	5112060
7924	semantic	workflow handover about minutes	2588
7925	infix	24-05	8632971
7926	prefix	estimat	4086009
7927	infix	55.cs	2740572
7928	path_fragment	styles/sales/cam	7590545
7929	prefix	reso	3305947
7930	semantic	presentation client about presentation	1334
7931	prefix	mon	7139207
7932	infix	20210515	8631560
7933	prefix	not	6075061
7934	path_fragment	team/photos/wir	9931390
7935	infix	matePo	2723105
7936	path_fragment	admin/inbox/aud	4651770
7937	prefix	sprint-	7018025
7938	infix	5-11-01	6499460
7939	prefix	surv	6708796
7940	prefix	track	17123
7941	path_fragment	shared/デザイン/sta	7277473
7942	prefix	resp	1870672
7943	path_fragment	shared/personal	1735429
7944	prefix	vendo	9502630
7945	semantic	kickoff archive about sheet	946
7946	infix	ource	7992085
7947	infix	ng-202	4492866
7948	infix	1-10.ppt	2128225
7949	prefix	assets	3608708
7950	path_fragment	scripts/platform	4312772
7951	prefix	usage-	3581786
7952	infix	ersion-r	5347347
7953	path_fragment	Documents/images/fin	5013365
7954	infix	ng-v5.lo	8969803
7955	prefix	image-	9017513
7956	infix	ce_led	1608107
7957	prefix	plan	792146
7958	prefix	logist	6629287
7959	semantic	pricing service about testing	798
7960	prefix	project-	2006315
7961	prefix	setting	5444684
7962	semantic	assets render about video	3284
7963	prefix	meeting	3803347
7964	infix	source.x	727661
7965	path_fragment	Documents/marketing	3859367
7966	path_fragment	2022/outbox	3884595
7967	infix	02-28.	4304973
7968	prefix	Contra	1882150
7969	infix	-templat	1289650
7970	semantic	design pricing about specification	191
7971	infix	dor-bac	9485058
7972	infix	190224_	7589501
7973	path_fragment	core/frontend/bud	7111438
7974	prefix	refactor	9713490
7975	prefix	camp	2616306
7976	infix	ox-v1	6244671
7977	path_fragment	workspace/imports/onb	1061787
7978	prefix	final-v	498683
7979	prefix	sta	5187521
7980	semantic	testing support about receipt	183
7981	path_fragment	misc/packages	2762439
7982	infix	g-he	4971119
7983	prefix	ledger-v	332502
7984	infix	MG_202	3912083
7985	path_fragment	2021/components/ref	3641086
7986	prefix	assets	8828798
7987	prefix	cache-	2260160
7988	prefix	budget	6509353
7989	infix	devic	9927123
7990	path_fragment	2026/tools/Bui	5556379
7991	path_fragment	products/scripts	1689945
7992	semantic	archive dashboard about index	1232
7993	prefix	summ	2422698
7994	infix	foreca	1070742
7995	infix	chem	9130780
7996	prefix	Pri	2737262
7997	prefix	IMG_2024	4005625
7998	prefix	pay	6402384
7999	infix	023-12-	1214950
8000	semantic	request screenshot about screenshot	2130
8001	infix	ceiptIm	1566298
8002	path_fragment	scripts/exports/cli	8268675
8003	prefix	receipt-	8872133
8004	infix	te_r	2460945
8005	path_fragment	backend/2021	9774482
8006	prefix	Pricin	8447437
8007	prefix	SyncExpo	9414127
8008	prefix	respon	7512516
8009	infix	nthly-p	5518635
8010	infix	24050	1597564
8011	infix	napsho	5706616
8012	prefix	output_	6547233
8013	infix	y-201	6810749
8014	path_fragment	misc/utils	3066064
8015	prefix	RolloutS	1879427
8016	semantic	header planning about portrait	3479
8017	prefix	receipt	1898415
8018	prefix	serv	2312082
8019	path_fragment	exports/misc/pro	298848
8020	prefix	staging-	1277230
8021	path_fragment	2022/static/imp	6475752
8022	infix	ndex-v	5008719
8023	path_fragment	resources/operations/min	7342432
8024	prefix	usag	2018763
8025	prefix	ren	4628325
8026	infix	ge_clien	7925080
8027	semantic	portrait support about settings	1442
8028	infix	-tra	3185177
8029	prefix	build-p	3973330
8030	infix	p_campa	2232679
8031	semantic	snapshot tracking about template	3741
8032	infix	dbox	7988385
8033	prefix	IMG_	5008402
8034	path_fragment	clients/clients	8665058
8035	prefix	hando	369961
8036	path_fragment	frontend/workspace	7275591
8037	prefix	clie	4645084
8038	prefix	config	2815987
8039	infix	-final.	5008761
8040	prefix	backup-	7586128
8041	prefix	sandbox_	4380891
8042	infix	-ren	1197798
8043	prefix	IMG_202	1661998
8044	prefix	ren	170903
8045	path_fragment	Documents/quarterly/rec	7174326
8046	semantic	network assets about sketch	1678
8047	path_fragment	public/2024	8000914
8048	infix	2023-05-	6549582
8049	infix	09417	8443366
8050	infix	age-v3.t	2935427
8051	path_fragment	archive/2022	327891
8052	infix	cing_u	6885618
8053	path_fragment	operations/vendors/tes	5760203
8054	infix	-07-1	8021684
8055	prefix	Sta	4156977
8056	prefix	IMG_202	4038895
8057	prefix	OutputT	7547353
8058	prefix	rec	6655159
8059	semantic	receipt overview about template	3095
8060	prefix	layout	2714422
8061	infix	rce-	1681113
8062	prefix	desi	6532457
8063	infix	kflowP	1237418
8064	infix	inal_	7347571
8065	semantic	config design about profile	2088
8066	path_fragment	engineering/media/leg	5039551
8067	prefix	transcri	7669214
8068	path_fragment	hr/mobile/tra	2128246
8069	prefix	Screens	3883967
8070	path_fragment	2020/imports/sch	2497713
8071	infix	wirefr	81736
8072	prefix	refa	7543041
8073	semantic	draft workflow about package	1757
8074	prefix	Expor	2460051
8075	path_fragment	operations/outbox/ser	650713
8076	prefix	diagram	3787944
8077	prefix	confi	4107470
8078	infix	cript.	8550714
8079	infix	pshot-	4604469
8080	infix	sal-v6	5517611
8081	prefix	repo	230096
8082	prefix	build	7288449
8083	infix	rame	7859677
8084	path_fragment	デザイン/customers/wir	2412952
8085	prefix	work	2013910
8086	prefix	sync-201	4327808
8087	semantic	profile system about export	75
8088	path_fragment	reports/resources	7240027
8089	infix	eenshot	4205892
8090	infix	-12-18	8390947
8091	prefix	video_	7079314
8092	prefix	IMG_2	2939614
8093	prefix	PayrollV	7712540
8094	prefix	overvi	3287686
8095	infix	202611	6311493
8096	path_fragment	staging/2026/res	3100193
8097	infix	otfix.jp	2915464
8098	path_fragment	Desktop/tests/req	6637257
8099	semantic	backup design about output	2261
8100	prefix	leg	8700457
8101	infix	-review-	8145132
8102	prefix	portr	6976683
8103	semantic	license screenshot about metrics	10
8104	path_fragment	Music/2024/Sna	3344493
8105	prefix	rol	431094
8106	infix	21-11-09	3952423
8107	path_fragment	targets/reports/sch	6997705
8108	prefix	script-v	8588703
8109	infix	ent.	6284492
8110	path_fragment	products/android/tim	2271106
8111	prefix	aud	9400661
8112	prefix	minute	1487767
8113	prefix	uplo	3184042
8114	infix	nfig.pn	4580134
8115	infix	-handove	7052792
8116	infix	-quarte	8198049
8117	semantic	source budget about resource	12
8118	prefix	IMG_2019	8926148
8119	path_fragment	customers/photos	549378
8120	infix	ding-sys	9678120
8121	prefix	netw	4173440
8122	prefix	export-	4515164
8123	path_fragment	images/styles	4843074
8124	prefix	transf	8270922
8125	infix	ype-v2	7772317
8126	infix	rnal-	8488727
8127	path_fragment	lib/shared/ses	5507085
8128	semantic	notes image about estimate	1248
8129	prefix	campaig	6333941
8130	path_fragment	2026/images	8707678
8131	infix	espons	4073975
8132	path_fragment	2020/fixtures	7299153
8133	infix	final.j	9438598
8134	prefix	IMG_201	7647451
8135	prefix	quart	2398423
8136	prefix	tran	2242547
8137	prefix	screensh	7378409
8138	semantic	image timeline about staging	3879
8139	infix	eens	2049024
8140	semantic	server workflow about manifest	3103
8141	prefix	backu	3865693
8142	infix	repo	1355047
8143	path_fragment	frontend/static	7490673
8144	prefix	Deliv	9727672
8145	infix	urce.j	8508166
8146	prefix	Record	6543852
8147	prefix	IMG_202	2680916
8148	path_fragment	服务/utils/vid	3423644
8149	infix	iagram	170029
8150	path_fragment	exports/sales/IMG	6952084
8151	prefix	pip	1978653
8152	infix	202_02	1879299
8153	prefix	researc	5718647
8154	infix	-index.p	8612909
8155	path_fragment	sales/customers	7045916
8156	infix	icatio	8078172
8157	prefix	strateg	3862299
8158	semantic	output logistics about sandbox	1108
8159	prefix	scra	4885048
8160	prefix	Outp	2719884
8161	infix	ct-202	9977755
8162	infix	king-co	9761562
8163	prefix	release	2771133
8164	prefix	netwo	2454133
8165	prefix	stagin	2369200
8166	semantic	minutes budget about wireframe	1228
8167	infix	duct.lo	2092271
8168	path_fragment	sales/api/exp	888818
8169	path_fragment	legal/models/moc	3738996
8170	infix	g-202	6924482
8171	prefix	engine	6432638
8172	prefix	specif	8053888
8173	infix	oiceTran	1492273
8174	infix	plate-	2436260
8175	semantic	layout device about update	1893
8176	path_fragment	engineering/staging/Leg	3583581
8177	prefix	estima	5586725
8178	path_fragment	fixtures/packages/IMG	7964740
8179	prefix	IMG_202	4334504
8180	path_fragment	Projects/components	3602916
8181	prefix	met	3460333
8182	prefix	data-v2.	1593503
8183	path_fragment	Projects/fixtures/san	2034405
8184	infix	ndbox_p	2480168
8185	semantic	portrait version about policy	1789
8186	infix	gy-pi	4249528
8187	prefix	servi	4711245
8188	prefix	handof	2919477
8189	infix	ut-v8.	900812
8190	prefix	minu	9613254
8191	prefix	output-	9564335
8192	infix	ckup-	9564211
8193	path_fragment	Desktop/examples/res	5734002
8194	prefix	payroll-	5276392
8195	prefix	sched	4006169
8196	infix	t-v5	9894141
8197	infix	licy-	1186273
8198	path_fragment	photos/platform	1778875
8199	semantic	usage kickoff about backup	1873
8200	prefix	IMG_2023	6262572
8201	prefix	expor	8713400
8202	prefix	pricing-	5108900
8203	infix	h-v4.mo	2081513
8204	path_fragment	Pictures/sales	6693751
8205	semantic	sketch build about resource	232
8206	infix	line-20	458606
8207	infix	Vide	2805978
8208	path_fragment	Documents/misc	9536672
8209	prefix	strat	797566
8210	path_fragment	scripts/photos	7185502
8211	semantic	restore vendor about proposal	3027
8212	infix	eader-	3755504
8213	prefix	Pipelin	5133696
8214	infix	ntation-	9398643
8215	infix	ache_sy	5230181
8216	prefix	scratch	634344
8217	prefix	mockup	2838852
8218	path_fragment	public/utils	4204807
8219	prefix	Das	6783869
8220	prefix	cache-20	3847806
8221	semantic	cache invoice about release	1446
8222	infix	pload	9101897
8223	path_fragment	team/resources/IMG	8141143
8224	path_fragment	Projects/support	3080199
8225	infix	tract-	7387469
8226	prefix	rollout-	1459053
8227	prefix	OutputOu	9325215
8228	prefix	suppor	5020914
8229	infix	ummar	6150969
8230	prefix	IMG_	5576716
8231	semantic	delivery session about package	789
8232	path_fragment	components/tools	5497476
8233	infix	ype-deli	9357109
8234	prefix	Recei	262562
8235	prefix	IMG_2025	5512618
8236	infix	uctPropo	510514
8237	path_fragment	tests/frontend	9324687
8238	infix	ign-pric	791247
8239	prefix	rollou	8043726
8240	infix	file-202	996426
8241	path_fragment	archive/2020/Pro	6428669
8242	infix	03.p	7636797
8243	infix	_8496	9265646
8244	prefix	stra	7949171
8245	prefix	specifi	6462664
8246	path_fragment	shared/migrations/roa	6920485
8247	prefix	setting	4175353
8248	prefix	resea	817231
8249	semantic	image server about workshop	2976
8250	prefix	IMG_202	4819434
8251	infix	-11.	2529323
8252	semantic	prototype portrait about portrait	2891
8253	prefix	licens	7244343
8254	infix	ckup-ma	5191459
8255	infix	_hotfi	4264744
8256	prefix	draft-sp	8092417
8257	path_fragment	common/웹/pip	6137174
8258	prefix	reque	2465124
8259	path_fragment	inbox/outbox/dia	4034106
8260	prefix	internal	1491333
8261	path_fragment	styles/2024/IMG	368840
8262	semantic	pipeline tracking about response	1150
8263	prefix	draf	8813284
8264	infix	021-0	7785298
8265	prefix	ArchiveM	1888034
8266	prefix	schedul	2544568
8267	path_fragment	shared/sales	4792682
8268	infix	icing-	2613127
8269	infix	sal-2	347699
8270	prefix	prof	3932741
8271	infix	view	1460899
8272	semantic	migration survey about migration	1727
8273	prefix	stagi	5762328
8274	infix	-07-1	1125428
8275	path_fragment	customers/admin/req	4623909
8276	path_fragment	Projects/デザイン	4386756
8277	prefix	rest	1192234
8278	infix	ot.lo	5659621
8279	prefix	estima	7502557
8280	path_fragment	src/reports	7270569
8281	prefix	bac	2570739
8282	semantic	script final about server	3422
8283	prefix	Stateme	9739902
8284	infix	uarter	4264787
8285	prefix	wirefr	6094714
8286	infix	-esti	1259899
8287	infix	lease-20	9480125
8288	prefix	scratch-	4884165
8289	path_fragment	products/operations/con	9165648
8290	prefix	index	8883787
8291	semantic	transfer assets about migration	1068
8292	path_fragment	examples/migrations	6982436
8293	infix	0230110_	5512633
8294	prefix	render-	4907570
8295	path_fragment	photos/quarterly	6756861
8296	infix	oiceMo	5807325
8297	prefix	vide	6319829
8298	infix	mage-20	9414021
8299	prefix	Fin	2382590
8300	prefix	sandb	6377052
8301	semantic	assets sketch about quarterly	2395
8302	prefix	ClientSu	3575397
8303	prefix	devi	2506840
8304	path_fragment	misc/imports/res	9014711
8305	prefix	out	6019779
8306	infix	recast	4125776
8307	infix	chive.	474896
8308	infix	sign_	1179472
8309	path_fragment	platform/服务/leg	2657797
8310	path_fragment	2020/src/Dat	3054694
8311	infix	line.cs	1945256
8312	infix	ate-s	7300768
8313	semantic	proposal schema about kickoff	1031
8314	prefix	product-	8225179
8315	prefix	str	4679563
8316	prefix	Foreca	532676
8317	infix	-reso	5193548
8318	path_fragment	웹/benchmarks	7218953
8319	prefix	Inv	2826699
8320	prefix	handof	8353849
8321	prefix	res	5151246
8322	path_fragment	Documents/tests	1318825
8323	prefix	manife	2089458
8324	infix	sion_bu	1856886
8325	prefix	onboa	3918122
8326	infix	line	8694466
8327	infix	-prototy	7858168
8328	semantic	server ledger about transcript	1627
8329	path_fragment	Projects/migrations/leg	71824
8330	infix	andover	1837252
8331	infix	port-sta	5879626
8332	path_fragment	lib/examples/rec	8808948
8333	prefix	IMG_20	8346517
8334	infix	ch_s	595435
8335	prefix	sandb	3780266
8336	prefix	fore	6453781
8337	prefix	pac	7223170
8338	semantic	scratch metrics about rollout	1768
8339	path_fragment	legal/scripts/tra	164035
8340	infix	esting	4210442
8341	path_fragment	team/quarterly/upd	3931564
8342	prefix	usag	714325
8343	path_fragment	2026/frontend	7141868
8344	semantic	header pipeline about dashboard	3323
8345	prefix	Profi	2829966
8346	prefix	IMG_2022	8564885
8347	prefix	image-su	3308014
8348	infix	2026-0	6434880
8349	infix	-06-	5795885
8350	path_fragment	utils/models/out	6179369
8351	infix	514_38	8863951
8352	infix	22-0	9101043
8353	prefix	sch	3627271
8354	prefix	pro	1531371
8355	infix	-2021-01	2648271
8356	path_fragment	migrations/android	635125
8357	prefix	upload-	3834070
8358	prefix	timelin	5387046
8359	semantic	ledger server about forecast	2301
8360	semantic	metrics build about payroll	3220
8361	path_fragment	shared/workspace/bac	8508770
8362	prefix	not	6076750
8363	path_fragment	components/misc/san	4691121
8364	infix	nder.	4098171
8365	prefix	outpu	5133500
8366	infix	ksho	9706396
8367	prefix	out	9657215
8368	infix	pdate.p	1812364
8369	prefix	Workf	3732436
8370	infix	ery-2	9565450
8371	prefix	pac	140667
8372	infix	ng-revie	7773793
8373	path_fragment	modules/2020/mon	8741851
8374	prefix	refa	7660408
8375	infix	nal-v6	6315694
8376	semantic	client overview about request	1652
8377	path_fragment	Documents/frontend/por	6917415
8378	prefix	worksho	2081031
8379	prefix	trackin	8668284
8380	infix	int.	3498283
8381	prefix	Trans	418830
8382	prefix	versi	450201
8383	path_fragment	Documents/frontend	5365610
8384	infix	tch-v	2624897
8385	infix	02-08.	4089841
8386	prefix	IMG_2021	8700407
8387	semantic	diagram sample about data	1785
8388	prefix	onboard	8324009
8389	path_fragment	clients/products	7663378
8390	prefix	IMG_2	8908935
8391	prefix	index-v	3835515
8392	infix	r-vide	722874
8393	path_fragment	imports/2020	9419573
8394	infix	terly-2	1394395
8395	prefix	forec	7692668
8396	semantic	staging sprint about receipt	4059
8397	path_fragment	marketing/fixtures	115143
8398	prefix	por	8643539
8399	infix	-11-	5466103
8400	prefix	Dash	1467530
8401	prefix	prototy	8672340
8402	prefix	proposa	5418779
8403	path_fragment	misc/platform	7827829
8404	infix	age-v5	8116708
8405	semantic	version release about engine	2757
8406	prefix	fore	7424566
8407	infix	hive	107093
8408	path_fragment	Music/sales/ven	9280637
8409	infix	urvey_	4679781
8410	infix	_pipel	7668751
8411	prefix	scri	2320457
8412	semantic	data kickoff about review	3902
8413	infix	d.sv	3962756
8414	infix	cificati	5397760
8415	prefix	transfe	603125
8416	prefix	IMG_2	2088079
8417	path_fragment	research/images	5365361
8418	prefix	IMG_20	1952276
8419	path_fragment	Projects/服务	4534192
8420	semantic	update sandbox about response	1154
8421	prefix	IMG_20	8284023
8422	infix	14.p	9015207
8423	path_fragment	customers/photos/scr	3210494
8424	prefix	build-20	847543
8425	prefix	index-	6593622
8426	path_fragment	examples/outbox	382139
8427	infix	oice-	7624975
8428	infix	ssion-v5	4754921
8429	prefix	sched	2724632
8430	prefix	workflow	5370138
8431	prefix	survey-	7171515
8432	prefix	cach	9076938
8433	infix	5-01-02	4875238
8434	prefix	statem	4753285
8435	infix	ototype.	628316
8436	path_fragment	migrations/sales/inv	9437564
8437	semantic	meeting tracking about handover	682
8438	path_fragment	hr/backend/pro	8470458
8439	infix	ng-tem	3886050
8440	prefix	sche	734695
8441	infix	rtrait.l	2697026
8442	semantic	legacy backup about overview	2225
8443	prefix	device-v	2086039
8444	infix	Render.j	6682609
8445	prefix	IMG_20	4093877
8446	path_fragment	media/utils	2828691
8447	infix	koff_r	8345228
8448	prefix	upload-	6124310
8449	path_fragment	2024/imports/Hot	7943499
8450	prefix	Ser	6033852
8451	path_fragment	examples/docs	5503942
8452	semantic	audit mockup about forecast	1360
8453	prefix	Proto	6578379
8454	path_fragment	2024/styles/pol	5379868
8455	prefix	video	9686796
8456	infix	-v6 (c	551140
8457	prefix	IMG_	2713572
8458	infix	-impo	8086246
8459	infix	494152	9982033
8460	infix	mRes	5160049
8461	path_fragment	Documents/common/cus	2416211
8462	prefix	patch	5970697
8463	prefix	profile-	2809708
8464	prefix	str	271255
8465	semantic	backup build about product	2085
8466	prefix	manif	318861
8467	path_fragment	2022/backend/res	8944057
8468	infix	enshot	8561003
8469	infix	se-v6.	5950830
8470	prefix	device-2	9403453
8471	prefix	kickof	6624511
8472	infix	6_9624	2766798
8473	prefix	forecas	1532492
8474	path_fragment	marketing/hr/wir	5404432
8475	infix	2182	5584913
8476	infix	21-06	6801753
8477	path_fragment	docs/quarterly	3576435
8478	semantic	logistics quarterly about render	598
8479	prefix	Estima	1513035
8480	infix	-2025-	657603
8481	prefix	sync-	5951082
8482	prefix	migr	4839698
8483	path_fragment	benchmarks/tools	2876137
8484	prefix	Netwo	6899041
8485	infix	esent	2032204
8486	infix	019-	425718
8487	semantic	license invoice about index	26
8488	prefix	fin	7685693
8489	path_fragment	shared/exports/sta	2168488
8490	infix	-sourc	7275429
8491	prefix	tran	2624326
8492	infix	oice-au	3607977
8493	semantic	quarterly resource about scratch	3244
8494	prefix	Response	5429361
8495	prefix	fina	8483975
8496	path_fragment	reports/mobile	5700677
8497	prefix	polic	5907069
8498	infix	y-scri	252378
8499	path_fragment	styles/support/IMG	1098948
8500	infix	workPol	6628
8501	semantic	settings annual about quarterly	3259
8502	prefix	draf	1269621
8503	infix	ft-v3.c	252148
8504	prefix	han	4809421
8505	path_fragment	Music/components/est	4382127
8506	path_fragment	docs/lib	6118378
8507	prefix	for	6310305
8508	infix	line	3534515
8509	prefix	receipt	3966209
8510	semantic	manifest service about internal	1666
8511	prefix	network-	6203778
8512	prefix	diagram-	7293472
8513	prefix	kick	1714756
8514	path_fragment	Desktop/服务	6214880
8515	prefix	report-s	4050595
8516	path_fragment	2021/misc	4170978
8517	infix	pdate-	9984120
8518	infix	meet	3350383
8519	infix	vey.xls	701433
8520	infix	shboard.	325258
8521	prefix	Stag	5173080
8522	semantic	device workflow about sheet	3959
8523	prefix	ann	8610352
8524	infix	19_2973	5915827
8525	path_fragment	Downloads/photos	7518419
8526	prefix	tra	5835575
8527	prefix	prop	9898087
8528	infix	actor.	5068194
8529	path_fragment	admin/engineering	5064403
8530	prefix	tra	5284995
8531	semantic	kickoff schedule about specification	1863
8532	path_fragment	2020/sales	5932458
8533	infix	ve-di	2599204
8534	path_fragment	Projects/2022	9049523
8535	prefix	IMG_20	4132358
8536	prefix	upl	5638996
8537	prefix	del	1553278
8538	infix	sour	3866263
8539	infix	otype-re	2524795
8540	infix	sion.c	2600509
8541	path_fragment	shared/웹/tra	3842511
8542	prefix	protot	9177955
8543	prefix	patc	1005158
8544	infix	dbox	9262105
8545	infix	x-2022	9017591
8546	prefix	workshop	8409233
8547	semantic	usage invoice about pipeline	130
8548	prefix	data-2	5190695
8549	path_fragment	hr/research	54135
8550	semantic	design workshop about monthly	1916
8551	prefix	SheetRoa	2304481
8552	path_fragment	api/misc/int	4990955
8553	infix	eport	1164481
8554	prefix	kickof	3904395
8555	prefix	deliver	2430711
8556	path_fragment	staging/quarterly/Des	7507603
8557	infix	uest-2	7607016
8558	infix	-26.	7362625
8559	prefix	image_r	7672906
8560	path_fragment	team/2024	5773526
8561	prefix	record	9431140
8562	infix	lannin	5335673
8563	infix	etin	8392654
8564	prefix	versi	6425285
8565	semantic	screenshot specification about resource	3283
8566	prefix	samp	5216368
8567	prefix	ledger	9784810
8568	path_fragment	tests/examples/rec	1037182
8569	infix	low-v	2652948
8570	prefix	qua	4403864
8571	prefix	export-	6827657
8572	prefix	import-	8296874
8573	infix	trait	8561374
8574	infix	020-0	8957461
8575	path_fragment	shared/static/pla	7607139
8576	semantic	tracking config about engine	197
8577	path_fragment	infra/inbox	6490719
8578	prefix	session	1833165
8579	infix	2.tx	2431790
8580	infix	tings.mp	2290398
8581	prefix	propos	65434
8582	prefix	sand	2131131
8583	semantic	config engine about handover	3087
8584	path_fragment	reports/reports/log	4646523
8585	path_fragment	media/support	1992363
8586	prefix	IMG_2026	8393272
8587	infix	ting-	8833470
8588	prefix	source	6362024
8589	infix	9 (co	1634675
8590	infix	posal-20	3820473
8591	path_fragment	products/2019/bud	2852625
8592	semantic	config annual about finance	3043
8593	infix	rver-p	3548130
8594	prefix	IMG_202	6660809
8595	prefix	arch	4234508
8596	prefix	pipe	8393473
8597	path_fragment	examples/api	1329187
8598	infix	upInvoi	20536
8599	prefix	payrol	1392439
8600	semantic	upload tracking about ledger	541
8601	infix	rint-qua	7521652
8602	infix	-testing	7992753
8603	prefix	IMG_202	5192373
8604	prefix	stateme	662223
8605	infix	trat	9945483
8606	path_fragment	exports/core	1506820
8607	prefix	res	6322210
8608	path_fragment	packages/hr/pro	4676296
8609	prefix	layout	708538
8610	infix	ew-202	898478
8611	prefix	meeting-	1350645
8612	prefix	HeaderUp	5605877
8613	semantic	hotfix upload about script	1810
8614	infix	_20250	6390822
8615	infix	age.htm	4022990
8616	path_fragment	products/quarterly	4204751
8617	prefix	vendor-	8559523
8618	path_fragment	hr/static/upl	8016389
8619	prefix	uploa	2806201
8620	infix	ideo.r	8280853
8621	path_fragment	android/2024	5209991
8622	prefix	invoi	2495456
8623	prefix	usa	6005089
8624	infix	-201	7449862
8625	prefix	sys	5359853
8626	semantic	audit delivery about vendor	2953
8627	path_fragment	Downloads/api/IMG	1606432
8628	infix	17.h	4661973
8629	prefix	import	8982013
8630	infix	tem-202	5682869
8631	infix	-outpu	4561845
8632	infix	estore.	7366800
8633	path_fragment	modules/inbox	2450722
8634	prefix	invoic	5264891
8635	prefix	timel	7003907
8636	prefix	sett	4729367
8637	semantic	assets schedule about settings	2321
8638	path_fragment	photos/exports/est	5146628
8639	prefix	Foreca	7955002
8640	prefix	image-20	1800065
8641	prefix	IMG_	7664452
8642	semantic	pricing presentation about snapshot	1858
8643	infix	ache.doc	9192057
8644	infix	203_713	9423128
8645	prefix	archiv	234742
8646	path_fragment	android/frontend/aud	9163036
8647	prefix	sync_o	7514265
8648	infix	ap_syn	680382
8649	path_fragment	resources/personal	3997660
8650	prefix	serve	7575473
8651	prefix	handover	4743303
8652	semantic	testing dashboard about metrics	1277
8653	prefix	portra	2766862
8654	infix	ation.cs	7077184
8655	infix	1964	8352835
8656	prefix	min	8451863
8657	infix	xport.l	1887362
8658	path_fragment	Documents/models	9054039
8659	path_fragment	Documents/2020/mon	9653680
8660	prefix	pack	4144294
8661	prefix	resto	4981420
8662	semantic	hotfix customer about settings	1720
8663	infix	rly-req	5447434
8664	infix	stagin	5415922
8665	infix	le.tx	2291187
8666	prefix	rec	354539
8667	path_fragment	resources/quarterly/IMG	5836768
8668	prefix	finance_	5578564
8669	path_fragment	support/2026/Das	8117995
8670	infix	3.tar.	3504076
8671	path_fragment	shared/hr	6383686
8672	prefix	Networ	2065916
8673	infix	est-i	6417212
8674	prefix	dat	5810835
8675	infix	ng-timel	409810
8676	semantic	package onboarding about forecast	4012
8677	prefix	package-	6190036
8678	prefix	request	2399323
8679	path_fragment	clients/reports	5042401
8680	infix	ign_plan	4532493
8681	prefix	workflo	6935621
8682	semantic	statement response about video	585
8683	infix	_754	4242961
8684	path_fragment	benchmarks/images/han	9397137
8685	path_fragment	Documents/웹/ser	5676506
8686	prefix	resour	2723174
8687	infix	etwo	5235452
8688	prefix	handove	7281983
8689	prefix	usage-	3891095
8690	prefix	onboar	3710865
8691	path_fragment	admin/utils/IMG	4692154
8692	infix	-06-	8091200
8693	infix	ort-vers	651216
8694	prefix	policy-	5039899
8695	prefix	render	6966641
8696	prefix	draft-	4510716
8697	semantic	render layout about release	2520
8698	infix	admap-v3	9696483
8699	path_fragment	admin/operations/res	1806994
8700	prefix	produ	1365329
8701	infix	ort_e	8393666
8702	semantic	mockup system about audit	1474
8703	path_fragment	Pictures/personal	428325
8704	prefix	Onboa	3399838
8705	path_fragment	Music/backend/del	2922767
8706	infix	rch-upda	1448853
8707	infix	ackup-	3645523
8708	prefix	kick	4455663
8709	prefix	IMG_2023	1656807
8710	prefix	policy-	4970361
8711	prefix	rep	6330797
8712	semantic	device staging about policy	3039
8713	infix	pt_mani	6281240
8714	prefix	review-s	6756238
8715	path_fragment	frontend/models/net	3599311
8716	infix	9 (cop	8666343
8717	path_fragment	Documents/personal	9841460
8718	infix	190102_4	3274978
8719	prefix	IMG_	6970495
8720	semantic	budget snapshot about system	3154
8721	prefix	schedu	3039515
8722	infix	5-01-26.	441504
8723	prefix	network-	4099243
8724	path_fragment	Projects/hr	2795296
8725	prefix	contract	4440642
8726	infix	totype-2	2311
8727	path_fragment	customers/operations/ses	5009584
8728	infix	timat	6860832
8729	prefix	IMG_	123720
8730	path_fragment	android/vendors/Imp	9187965
8731	path_fragment	components/lib/IMG	6677256
8732	prefix	layout-2	3881500
8733	prefix	build-20	7075234
8734	infix	otfi	5826757
8735	infix	n-de	170849
8736	infix	andover-	4922700
8737	prefix	inv	5248454
8738	prefix	mockup_	2924582
8739	semantic	engine sandbox about service	2709
8740	infix	nc-se	5291588
8741	prefix	specifi	7080320
8742	prefix	temp	2253517
8743	prefix	backu	4836725
8744	semantic	sheet timeline about quarterly	3339
8745	infix	ontract-	1053795
8746	path_fragment	public/targets	3677694
8747	prefix	strategy	3305171
8748	infix	e-minut	2468099
8749	path_fragment	static/platform/mon	5956484
8750	semantic	logistics index about final	256
8751	infix	_762	2959734
8752	path_fragment	Desktop/marketing/lay	6186144
8753	prefix	ove	2791763
8754	infix	ntract	5288938
8755	prefix	Syn	8321672
8756	prefix	vendor-p	2715745
8757	path_fragment	team/sales	2298520
8758	infix	2023-	3874348
8759	prefix	report	4774895
8760	path_fragment	vendors/admin/IMG	6810713
8761	infix	off-	762831
8762	semantic	engine payroll about security	1806
8763	prefix	scr	5336449
8764	infix	f_notes	3154563
8765	path_fragment	platform/2025/fin	5560392
8766	prefix	annu	979362
8767	infix	-kic	2069757
8768	prefix	kic	5778768
8769	prefix	Resp	5386981
8770	prefix	reques	2703706
8771	prefix	she	9889515
8772	infix	esenta	9316517
8773	semantic	specification system about meeting	4011
8774	prefix	han	5486409
8775	infix	entImp	278635
8776	path_fragment	inbox/quarterly	416867
8777	infix	egacy	6068716
8778	path_fragment	frontend/operations	5811711
8779	prefix	export-	3739887
8780	path_fragment	Downloads/targets	4464248
8781	prefix	roadmap	6433102
8782	prefix	BuildPri	1266211
8783	prefix	scratch	1451120
8784	path_fragment	staging/public	6252228
8785	prefix	eng	4891254
8786	infix	0121_931	5292638
8787	infix	lease-	1028740
8788	semantic	request client about source	799
8789	infix	6_402	1998135
8790	prefix	mont	5755930
8791	infix	_fina	1710562
8792	path_fragment	Pictures/inbox/IMG	169237
8793	infix	ecord	7586138
8794	prefix	inte	49341
8795	prefix	scratch	7507499
8796	semantic	scratch kickoff about support	603
8797	infix	et-v2.js	9113371
8798	prefix	summ	6494769
8799	path_fragment	vendors/customers/moc	8412930
8800	infix	very-20	2515532
8801	prefix	scr	8379861
8802	infix	sets.pd	2475629
8803	path_fragment	Projects/media	8285401
8804	prefix	for	7080363
8805	path_fragment	src/2022	9499100
8806	prefix	IMG_20	9543074
8807	prefix	storage	1850024
8808	semantic	workflow design about server	3587
8809	infix	nnual	6018194
8810	prefix	Estim	6942730
8811	prefix	SyncLi	3237090
8812	semantic	version handoff about image	1611
8813	infix	tor-l	2292344
8814	infix	mple	1831908
8815	path_fragment	public/customers	8433419
8816	path_fragment	shared/support/sto	2616204
8817	prefix	custome	1471772
8818	prefix	IMG_20	6055365
8819	infix	eipt_d	3236452
8820	infix	09-06	8755766
8821	infix	G_2020	9901167
8822	path_fragment	服务/2021/Arc	1032831
8823	infix	cense	4393100
8824	prefix	schema	1103543
8825	path_fragment	operations/2020/tim	5735045
8826	prefix	sna	8702709
8827	prefix	strateg	6335699
8828	prefix	Hando	318915
8829	semantic	internal server about service	435
8830	prefix	tracki	8112917
8831	infix	inal-	9221180
8832	prefix	IMG_2	788534
8833	semantic	engine restore about index	2594
8834	prefix	device-r	1762015
8835	path_fragment	2025/exports/pay	2531912
8836	infix	0725_110	3304139
8837	prefix	Inter	5211594
8838	infix	933498.	9371610
8839	path_fragment	デザイン/customers	5006621
8840	infix	ot-ledg	1412341
8841	infix	ging-man	8118287
8842	prefix	IMG	2698176
8843	path_fragment	public/styles/rev	8568740
8844	prefix	mani	4842990
8845	prefix	sou	1553187
8846	semantic	diagram archive about monthly	3171
8847	infix	v5.p	3213479
8848	prefix	finance	4555578
8849	path_fragment	quarterly/legal	8805231
8850	infix	strategy	3643421
8851	prefix	policy-t	7905037
8852	path_fragment	Downloads/tools	5615382
8853	prefix	schema-2	2490519
8854	path_fragment	clients/vendors/mig	8365234
8855	prefix	header_	3905667
8856	prefix	suppor	7941991
8857	semantic	response audit about overview	2983
8858	infix	print	9247195
8859	infix	.tar.g	2712684
8860	prefix	minu	4561381
8861	infix	ync.do	283067
8862	prefix	for	7761006
8863	path_fragment	common/common	4491627
8864	infix	thly.doc	2829923
8865	prefix	tracki	57571
8866	semantic	staging legacy about scratch	348
8867	infix	ple-v3.	5556512
8868	path_fragment	customers/examples/rec	8461944
8869	prefix	sch	7073559
8870	semantic	product version about transfer	1007
8871	infix	-setti	93038
8872	prefix	review-	8966978
8873	prefix	netw	7870858
8874	path_fragment	Documents/quarterly	4060483
8875	infix	ifica	5339224
8876	infix	inal-	8963038
8877	path_fragment	2019/reports	9717824
8878	prefix	Trans	1554471
8879	prefix	audi	1635035
8880	prefix	IMG	3836386
8881	prefix	pricin	2975266
8882	prefix	portra	9106913
8883	infix	flow-fin	955035
8884	infix	st-202	2786721
8885	path_fragment	2019/2026/sta	2496909
8886	prefix	release-	5327263
8887	path_fragment	src/archive	9614219
8888	infix	ecast	9571498
8889	semantic	header update about sandbox	318
8890	semantic	design customer about forecast	3484
8891	prefix	sta	5965253
8892	path_fragment	examples/support/ref	9095512
8893	prefix	buil	2999828
8894	prefix	Versi	3433574
8895	prefix	prop	2483233
8896	infix	1-24.cs	4075719
8897	infix	07-12	1130544
8898	infix	-2020	8364953
8899	path_fragment	Desktop/backend/des	4515585
8900	semantic	mockup delivery about assets	546
8901	infix	rofile	6202678
8902	prefix	IMG_2019	8641730
8903	infix	p-v7.p	3584930
8904	path_fragment	android/resources/sup	1326242
8905	infix	confi	2423753
8906	path_fragment	웹/archive/sec	6728549
8907	prefix	transf	8449419
8908	prefix	mig	2026078
8909	prefix	IMG_	2840996
8910	semantic	notes product about product	1982
8911	prefix	IMG_202	8717645
8912	infix	ry-outp	1820069
8913	prefix	IMG_2019	1525839
8914	infix	eTransc	9033957
8915	prefix	DataProf	1532191
8916	path_fragment	웹/packages/cam	8344479
8917	path_fragment	clients/quarterly	8791566
8918	infix	ipt-v1.s	6379977
8919	prefix	qua	4686569
8920	prefix	meetin	1758040
8921	infix	er-2019-	19820
8922	path_fragment	examples/2026	3263667
8923	semantic	header refactor about engine	3656
8924	path_fragment	imports/imports/scr	9466340
8925	infix	very.m	5248481
8926	prefix	upda	5233359
8927	infix	nvoi	5248188
8928	prefix	kickoff	1107258
8929	prefix	produc	6860227
8930	prefix	inte	246087
8931	infix	e-20	3698047
8932	infix	ogistic	2549852
8933	infix	-05-	9688
8934	semantic	usage quarterly about request	353
8935	path_fragment	웹/marketing	5731755
8936	path_fragment	core/components/sto	5525241
8937	prefix	design	4040922
8938	prefix	contr	8720748
8939	prefix	wir	1397763
8940	infix	p.ja	3766586
8941	prefix	prop	5868523
8942	infix	e-2024-1	2747637
8943	path_fragment	archive/tools/sto	7051841
8944	semantic	contract timeline about customer	3380
8945	prefix	build-2	6976286
8946	prefix	devic	8588681
8947	prefix	snapsho	376453
8948	infix	cy-v5.lo	9319454
8949	path_fragment	Projects/quarterly	9625685
8950	prefix	payrol	6841867
8951	path_fragment	Music/デザイン/led	5444916
8952	prefix	output-m	1615956
8953	semantic	archive device about resource	2286
8954	prefix	minute	883704
8955	infix	ch-p	3531798
8956	path_fragment	infra/benchmarks	6109507
8957	infix	yRespo	9789524
8958	infix	8-18.xls	2677104
8959	prefix	ref	3357828
8960	infix	search	9704482
8961	prefix	meetin	8274656
8962	prefix	port	781793
8963	path_fragment	docs/2021/not	2211596
8964	infix	eline.	8246077
8965	prefix	projec	3222755
8966	prefix	proto	3726714
8967	infix	aign.	4510932
8968	path_fragment	utils/quarterly	8224528
8969	semantic	planning export about finance	3628
8970	prefix	han	2551622
8971	prefix	header-2	6176567
8972	path_fragment	targets/utils	3131509
8973	semantic	customer design about report	2060
8974	path_fragment	imports/resources/sam	4059467
8975	infix	06-0	333647
8976	infix	rview-im	199424
8977	prefix	legac	5754730
8978	prefix	Storag	5346773
8979	infix	021-07-	7706555
8980	semantic	storage invoice about screenshot	3146
8981	path_fragment	outbox/lib/rec	9777884
8982	prefix	plann	7345992
8983	infix	uest	9747041
8984	path_fragment	imports/admin/onb	1185111
8985	prefix	assets	6056302
8986	prefix	dra	8302602
8987	infix	product	7552953
8988	infix	over	2713522
8989	prefix	output	4709283
8990	prefix	project	2549966
8991	infix	veVersi	8529151
8992	infix	ecast-r	4984554
8993	path_fragment	examples/vendors/rel	9775346
8994	path_fragment	core/support/pac	1052015
8995	prefix	specifi	6356077
8996	semantic	testing draft about pipeline	3867
8997	infix	rt.ne	2713331
8998	prefix	IMG_2	9964269
8999	prefix	rollo	1834061
9000	prefix	overview	4615271
9001	path_fragment	marketing/src	2319191
9002	infix	pt-20	9588269
9003	prefix	settings	7031129
9004	semantic	system upload about security	363
9005	prefix	samp	9119117
9006	infix	gn-sam	7649754
9007	prefix	syn	2717247
9008	path_fragment	2023/operations	7942105
9009	infix	up.j	2104482
9010	semantic	storage internal about request	3389
9011	prefix	prod	3030605
9012	path_fragment	scripts/operations/con	6295616
9013	prefix	header	8786877
9014	infix	oarding.	3657044
9015	prefix	mock	2594009
9016	path_fragment	common/photos/das	1843380
9017	infix	stics.t	6785060
9018	infix	eFina	1455778
9019	prefix	rep	4515564
9020	infix	18.c	3510581
9021	path_fragment	reports/workspace/roa	149713
9022	prefix	sch	9810494
9023	path_fragment	vendors/mobile/IMG	1454126
9024	prefix	schema-v	2702054
9025	infix	curity-	9254329
9026	prefix	IMG_	3382203
9027	prefix	product	5178216
9028	semantic	monthly dashboard about tracking	1634
9029	infix	ofile	4239436
9030	prefix	schem	9134678
9031	prefix	final	1029096
9032	semantic	sprint sync about manifest	2354
9033	infix	trackin	1840263
9034	infix	328.pp	252341
9035	path_fragment	vendors/images/upd	5188142
9036	prefix	wiref	9048409
9037	path_fragment	Videos/2021/qua	8906657
9038	prefix	Output	2156031
9039	infix	eceip	8248244
9040	semantic	server settings about report	3945
9041	infix	2022101	192931
9042	infix	.xls	555243
9043	path_fragment	research/staging/rol	7296981
9044	infix	MG_202	9002180
9045	path_fragment	platform/accounting	7537836
9046	prefix	report	8765996
9047	prefix	scra	6390724
9048	prefix	Settings	7061026
9049	prefix	resear	5062376
9050	infix	rver	9684505
9051	prefix	service-	5098677
9052	infix	Servi	7095703
9053	prefix	bui	4767516
9054	semantic	internal config about budget	1507
9055	path_fragment	Projects/photos/sys	4282543
9056	infix	19-0	56335
9057	prefix	engine-s	3603243
9058	prefix	con	4788982
9059	path_fragment	tests/examples	9061167
9060	path_fragment	Videos/scripts	9017157
9061	infix	03_47	5535979
9062	semantic	image refactor about release	897
9063	prefix	handov	5253774
9064	infix	01-23.ps	3337085
9065	prefix	transf	1190864
9066	prefix	notes-v	9630980
9067	path_fragment	static/src	7515543
9068	infix	_2023090	7977052
9069	prefix	scra	3989889
9070	path_fragment	static/public	4641985
9071	prefix	proposa	6625703
9072	semantic	workshop research about review	3134
9073	infix	tput.r	1152097
9074	prefix	transcr	6903092
9075	path_fragment	outbox/components	9319985
9076	infix	gist	8031662
9077	infix	tem_sam	742881
9078	prefix	service_	9793601
9079	prefix	Import	5131999
9080	infix	-vid	5516568
9081	prefix	metr	4579387
9082	infix	otStra	1478995
9083	prefix	prot	2643875
9084	path_fragment	scripts/misc/pro	8789373
9085	prefix	server	6369834
9086	semantic	video annual about license	2047
9087	path_fragment	2022/modules	2509286
9088	prefix	output-	3523666
9089	infix	21-03-1	8257239
9090	prefix	IMG_2021	1239332
9091	path_fragment	admin/2024/ser	3767087
9092	infix	022-06-	2903046
9093	prefix	pla	2382564
9094	infix	Syste	6670257
9095	prefix	Lay	7115351
9096	infix	k_rollo	1827170
9097	prefix	hotfi	7397162
9098	path_fragment	Desktop/imports/roa	4081696
9099	semantic	support forecast about policy	3098
9100	path_fragment	accounting/support/IMG	1500902
9101	infix	ample-au	4592262
9102	path_fragment	웹/2026	1698739
9103	infix	ild.j	3257424
9104	infix	ackin	9511913
9105	prefix	req	7920121
9106	prefix	resourc	8537047
9107	semantic	sprint transcript about manifest	597
9108	prefix	rele	5234078
9109	prefix	profile-	6230735
9110	infix	ickoff-	6260210
9111	infix	Poli	3872897
9112	path_fragment	clients/archive/for	1913695
9113	prefix	notes	3121565
9114	infix	2024-	6258876
9115	prefix	data_spe	869038
9116	path_fragment	Documents/服务/Imp	8095338
9117	prefix	IMG_2019	4100343
9118	semantic	service onboarding about video	233
9119	prefix	IMG_2020	6026704
9120	semantic	testing wireframe about delivery	423
9121	path_fragment	imports/reports	712576
9122	prefix	overv	2458264
9123	prefix	snapsho	3463959
9124	infix	ource-bu	1699202
9125	prefix	monthly	1026712
9126	infix	-servic	5321468
9127	prefix	contract	2081836
9128	path_fragment	fixtures/2021	2535950
9129	infix	10103_58	830694
9130	prefix	wirefram	9261708
9131	infix	025-	7945411
9132	infix	oice.l	6000261
9133	prefix	desi	4343222
9134	infix	ortrait-	1582979
9135	path_fragment	archive/platform	107244
9136	prefix	wirefra	4671095
9137	path_fragment	benchmarks/quarterly/scr	207865
9138	semantic	import monthly about finance	2543
9139	prefix	IMG	351121
9140	semantic	proposal product about report	4045
9141	infix	rage.	3116834
9142	infix	est-2	472613
9143	path_fragment	Music/staging	6481797
9144	prefix	legac	8984553
9145	prefix	IMG_2	4584382
9146	path_fragment	hr/research/syn	9783077
9147	prefix	ledger-s	9054502
9148	prefix	handov	4169122
9149	infix	9-14.lo	5600923
9150	prefix	Timeline	4042982
9151	prefix	set	7049126
9152	semantic	planning minutes about pricing	424
9153	infix	-bui	1300322
9154	prefix	timeline	7813940
9155	infix	age-wor	4223405
9156	infix	ession_c	894783
9157	path_fragment	exports/outbox	9989927
9158	prefix	engin	1030459
9159	path_fragment	engineering/frontend	5268294
9160	prefix	IMG_	3973959
9161	semantic	meeting notes about session	3365
9162	prefix	syste	258303
9163	path_fragment	research/hr	3811270
9164	infix	gn-meet	508287
9165	infix	e-20	1755688
9166	path_fragment	core/2021/pre	2013472
9167	prefix	wor	4275078
9168	infix	iceRoll	4285500
9169	prefix	backup-2	2988362
9170	prefix	FinalCl	5990928
9171	infix	-report	1223790
9172	infix	very	7487374
9173	prefix	revie	887431
9174	semantic	scratch quarterly about wireframe	400
9175	path_fragment	服务/shared	9218811
9176	infix	ndoff	8624187
9177	path_fragment	Projects/2019/IMG	3127924
9178	prefix	proj	607481
9179	prefix	sheet	9509702
9180	prefix	contr	2726123
9181	path_fragment	inbox/misc	5001687
9182	semantic	strategy sample about video	1713
9183	infix	maryDev	23212
9184	infix	ning-up	4762736
9185	infix	posal.jp	5251248
9186	prefix	IMG_2	6866631
9187	prefix	present	112725
9188	prefix	scratch	5328187
9189	path_fragment	platform/modules/sch	2306068
9190	infix	up-2020	8766488
9191	prefix	backup_	6904947
9192	prefix	minute	2706771
9193	prefix	custome	963223
9194	infix	ex-fi	4148787
9195	prefix	heade	2055634
9196	path_fragment	marketing/engineering/pro	6525695
9197	path_fragment	Documents/models	2249157
9198	infix	27_50	5093278
9199	semantic	logistics refactor about restore	2137
9200	infix	rack	5280212
9201	semantic	layout notes about update	1012
9202	infix	03112	3343985
9203	prefix	han	1107535
9204	prefix	man	8879546
9205	prefix	manife	5039918
9206	prefix	image-dr	5212805
9207	path_fragment	Videos/infra	6249082
9208	path_fragment	static/infra/tim	4330485
9209	infix	eline-2	634313
9210	path_fragment	operations/products	5308683
9211	prefix	IMG_	9484753
9212	infix	ploa	2208294
9213	path_fragment	Downloads/fixtures/ove	8544495
9214	semantic	backup strategy about security	2000
9215	prefix	IMG	9063360
9216	infix	-engin	579954
9217	infix	view	8236513
9218	prefix	SampleH	1334753
9219	prefix	customer	8978886
9220	infix	rding-sc	6793985
9221	semantic	estimate summary about tracking	3810
9222	path_fragment	Pictures/support/sch	8893373
9223	infix	ckup	9678576
9224	prefix	stag	5736795
9225	prefix	IMG_2023	3799173
9226	prefix	sta	6162870
9227	path_fragment	mobile/static	2207193
9228	prefix	output	9535510
9229	infix	orecas	7559241
9230	semantic	release research about import	3687
9231	path_fragment	exports/operations/lic	7828914
9232	prefix	confi	3023137
9233	path_fragment	misc/engineering/IMG	9449198
9234	infix	deo-samp	3757563
9235	infix	ender.do	4457328
9236	prefix	IMG_2024	679481
9237	prefix	data-	9444967
9238	prefix	template	7046100
9239	infix	05176	203843
9240	prefix	mockup-v	2963980
9241	infix	cense.	9160861
9242	prefix	Pro	5077599
9243	infix	-legacy.	5825085
9244	prefix	data-tra	961446
9245	path_fragment	platform/2019/ren	1215216
9246	semantic	export workshop about sandbox	1062
9247	prefix	over	3978417
9248	infix	draf	6032313
9249	path_fragment	2026/examples/IMG	6578511
9250	infix	ort-	6913653
9251	infix	7-22.jp	1404240
9252	prefix	scratch	1582562
9253	semantic	package estimate about monthly	953
9254	path_fragment	Documents/src	580927
9255	prefix	IMG_	1105943
9256	path_fragment	mobile/デザイン	6593674
9257	prefix	image_sy	3047811
9258	infix	nutes	6267395
9259	prefix	syn	4138347
9260	prefix	transfe	5167381
9261	prefix	header	8973846
9262	infix	hive-e	5370459
9263	semantic	index session about assets	3170
9264	infix	-sync-	8485739
9265	path_fragment	engineering/docs	3852297
9266	infix	boar	6700801
9267	path_fragment	docs/legal/IMG	7137463
9268	prefix	snap	5242253
9269	prefix	vide	7578563
9270	path_fragment	images/admin/Pat	6182220
9271	prefix	hotfi	5990881
9272	infix	mary-v	1513240
9273	prefix	cache-20	1760090
9274	infix	andof	4121719
9275	path_fragment	vendors/resources/sta	18242
9276	semantic	estimate draft about patch	2862
9277	prefix	dashboar	6733658
9278	infix	late-m	4028475
9279	prefix	researc	6128863
9280	prefix	annua	6565722
9281	prefix	finan	2203789
9282	path_fragment	exports/vendors	6091105
9283	prefix	scratch	4798991
9284	semantic	summary request about rollout	2865
9285	path_fragment	lib/frontend	4935022
9286	infix	025-07-	3482452
9287	prefix	scr	4216126
9288	infix	-06.pp	1257384
9289	infix	osalL	4053743
9290	infix	2-07-	4260328
9291	path_fragment	android/2023	8153390
9292	prefix	Settin	1461420
9293	infix	1-10.p	1439177
9294	prefix	forecast	2883630
9295	prefix	mockup-	538220
9296	semantic	statement minutes about update	653
9297	prefix	design	5966090
9298	path_fragment	benchmarks/packages	1044525
9299	infix	ding-	3577085
9300	prefix	sum	3015219
9301	semantic	session pipeline about draft	1351
9302	prefix	deliver	6122450
9303	path_fragment	tools/support	7961844
9304	infix	o-2020-0	6069558
9305	infix	ingSyst	3684529
9306	infix	rofile.	9391711
9307	path_fragment	Documents/personal	6060282
9308	prefix	Spri	4040260
9309	prefix	IMG_20	2655443
9310	path_fragment	support/backend/IMG	7058534
9311	prefix	Expor	4940642
9312	prefix	image	1571310
9313	prefix	tra	1342398
9314	prefix	recordi	4900626
9315	infix	nsho	7859521
9316	infix	gration	489897
9317	semantic	layout rollout about device	11
9318	infix	1.zi	7677722
9319	path_fragment	customers/tests/ind	9650463
9320	path_fragment	Pictures/platform/hot	9366832
9321	prefix	sess	230668
9322	semantic	product proposal about storage	485
9323	infix	eo-moc	6553494
9324	path_fragment	2026/2021	824952
9325	prefix	rece	5948267
9326	prefix	pat	9417935
9327	prefix	IMG_20	7990180
9328	infix	rchive	3905743
9329	infix	ntatio	1007721
9330	prefix	source-	1681837
9331	path_fragment	2025/2019	1169186
9332	prefix	res	3507503
9333	infix	24-11-1	2834296
9334	prefix	build-s	2826377
9335	prefix	IMG	4891108
9336	semantic	engine audit about report	694
9337	path_fragment	infra/lib	1629107
9338	infix	ice-r	4468188
9339	infix	roduc	9418185
9340	prefix	Draf	7516594
9341	path_fragment	Pictures/2024	2375215
9342	semantic	network device about package	2397
9343	prefix	bui	6780081
9344	infix	rans	4244077
9345	infix	trategy	3321996
9346	prefix	invoic	9681792
9347	infix	sion-202	3519249
9348	prefix	mee	9078080
9349	path_fragment	scripts/products	4208028
9350	infix	l_workfl	4502705
9351	path_fragment	models/migrations/she	6319300
9352	prefix	Month	8737771
9353	prefix	data-202	1201571
9354	prefix	IMG_	556358
9355	path_fragment	customers/core/vid	3061648
9356	infix	hboard	6971673
9357	prefix	rev	6763620
9358	semantic	settings kickoff about specification	478
9359	infix	yroll-o	4452450
9360	prefix	roadma	9852977
9361	path_fragment	fixtures/2026/min	8507571
9362	infix	cing-an	9138213
9363	semantic	template receipt about backup	3858
9364	infix	y-works	4686094
9365	prefix	contr	2088162
9366	prefix	summary	1636109
9367	infix	r-sna	3421857
9368	prefix	works	4182614
9369	path_fragment	personal/products/Str	1462329
9370	path_fragment	2021/2021	5027968
9371	semantic	device report about output	92
9372	prefix	import_	9473884
9373	infix	estSnaps	8168266
9374	prefix	outpu	1068932
9375	prefix	IMG	8401997
9376	infix	hboar	1397165
9377	prefix	IMG_	6694735
9378	path_fragment	2022/exports	142859
9379	infix	ation.	9577966
9380	prefix	kickoff	9651150
9381	infix	ing-no	981841
9382	infix	5-08	2237720
9383	prefix	IMG_2	8475598
9384	path_fragment	Pictures/2024/onb	6200773
9385	prefix	source-2	6650650
9386	prefix	ledger	8915890
9387	infix	securit	6437119
9388	path_fragment	support/benchmarks	9421677
9389	semantic	timeline upload about manifest	1051
9390	infix	_2025	5813075
9391	prefix	secu	2576703
9392	prefix	dashb	2302570
9393	prefix	template	920664
9394	infix	nvoic	7502177
9395	path_fragment	2021/2021	1998735
9396	infix	vice-	6419772
9397	path_fragment	Downloads/docs/ima	3576357
9398	prefix	Custome	6607019
9399	semantic	customer engine about sheet	3231
9400	path_fragment	modules/quarterly/wir	262850
9401	infix	heetSpri	8763928
9402	prefix	sna	5374377
9403	infix	nc-v5.	7672220
9404	path_fragment	Documents/components	3060253
9405	prefix	pro	4097919
9406	infix	11_405	6444174
9407	semantic	export hotfix about sprint	899
9408	prefix	monthly	4732897
9409	prefix	import-	205652
9410	prefix	aud	6599793
9411	prefix	Scrat	6341830
9412	semantic	service handoff about forecast	2349
9413	infix	istics_c	4233850
9414	prefix	resto	3893492
9415	path_fragment	staging/imports	9224245
9416	infix	-wor	1846201
9417	infix	ader.z	6221339
9418	path_fragment	mobile/legal	6785789
9419	prefix	project-	6928216
9420	prefix	exp	7481796
9421	infix	respon	3702597
9422	prefix	archi	5043971
9423	semantic	screenshot invoice about budget	1469
9424	infix	templ	4858716
9425	path_fragment	Pictures/benchmarks/IMG	8693262
9426	infix	arch-d	3599611
9427	prefix	index	8052394
9428	prefix	projec	1460167
9429	path_fragment	media/customers	3618738
9430	prefix	IMG_	8101127
9431	infix	MG_202	2219521
9432	path_fragment	Pictures/workspace	888724
9433	prefix	AssetsM	9626086
9434	infix	h-bui	9199563
9435	infix	-service	4311637
9436	semantic	staging support about estimate	2921
9437	prefix	settin	6374261
9438	prefix	rese	8460725
9439	path_fragment	lib/common/inv	8046202
9440	path_fragment	operations/modules/int	1190460
9441	path_fragment	Videos/shared	7259615
9442	semantic	internal timeline about strategy	2409
9443	prefix	campaign	4332517
9444	prefix	track	4712545
9445	prefix	reque	1745377
9446	infix	-imag	5365817
9447	infix	ing-	9632039
9448	prefix	summ	7087785
9449	infix	vendor	7597552
9450	path_fragment	packages/customers	7416510
9451	infix	spons	7736457
9452	prefix	draft-c	698310
9453	prefix	lega	6757590
9454	prefix	portrait	190270
9455	prefix	screen	8278642
9456	infix	94518	8565357
9457	semantic	import testing about patch	2971
9458	infix	rototype	6498486
9459	path_fragment	inbox/infra/aud	7855214
9460	path_fragment	staging/research/res	2624657
9461	prefix	impor	4380445
9462	prefix	ima	4338168
9463	prefix	statem	4168383
9464	infix	ache-mee	9891854
9465	semantic	build dashboard about vendor	400
9466	infix	rofile_e	6580211
9467	prefix	ReceiptR	6036620
9468	path_fragment	Projects/products	2292955
9469	infix	utes.xls	1789638
9470	infix	eUsag	2827468
9471	path_fragment	Videos/examples/est	555307
9472	semantic	refactor sprint about migration	2240
9473	prefix	diagram-	165952
9474	prefix	prop	6094756
9475	prefix	sec	2945679
9476	prefix	suppo	978778
9477	infix	-03-11	3524310
9478	infix	ey.r	1404088
9479	path_fragment	fixtures/clients	5055411
9480	infix	hema-	9278157
9481	semantic	meeting vendor about receipt	2741
9482	path_fragment	Desktop/tools	5623313
9483	prefix	kicko	9024694
9484	infix	20250715	1858197
9485	prefix	desi	4512664
9486	path_fragment	admin/products	1724455
9487	prefix	proposa	9507832
9488	prefix	logi	8404633
9489	infix	ease_ann	8133772
9490	prefix	campa	8211416
9491	path_fragment	Music/2026	4013417
9492	prefix	tra	9369738
9493	path_fragment	admin/legal/mon	5825209
9494	infix	ix-v4.js	5310532
9495	infix	-11.j	6027687
9496	prefix	produc	9030560
9497	semantic	wireframe server about campaign	2428
9498	prefix	sketch-	5366410
9499	infix	03647	5756261
9500	prefix	por	8030720
9501	semantic	annual legacy about screenshot	2741
9502	infix	tSour	3718675
9503	prefix	SourceD	5856609
9504	infix	4.yam	5042217
9505	path_fragment	outbox/exports/fin	5064461
9506	infix	gs-st	606927
9507	prefix	archi	9142116
9508	path_fragment	Music/photos	4897837
9509	prefix	transfe	9169796
9510	path_fragment	utils/exports	5949155
9511	prefix	sync-sum	3166847
9512	path_fragment	Pictures/outbox	1671282
9513	prefix	final	5793814
9514	infix	-2024-02	5120995
9515	prefix	testi	2199878
9516	prefix	IMG_2	2991586
9517	infix	kshop-ro	9579865
9518	infix	-202	1068045
9519	semantic	design session about sprint	2557
9520	infix	roll	3058310
9521	prefix	backu	3708051
9522	semantic	render delivery about project	2967
9523	prefix	Versio	4687545
9524	infix	package	4972203
9525	path_fragment	mobile/服务/out	419352
9526	infix	urvey	7841562
9527	path_fragment	デザイン/mobile/pre	8839734
9528	prefix	deli	3978758
9529	prefix	staging	1378911
9530	path_fragment	Music/packages/roa	662584
9531	infix	n-wi	5278871
9532	prefix	reques	2661404
9533	prefix	build	2226555
9534	semantic	cache restore about forecast	3115
9535	prefix	Invoice	3857564
9536	prefix	schema-2	117142
9537	infix	20-06-	5852754
9538	infix	portU	7772307
9539	path_fragment	products/exports	7383845
9540	path_fragment	quarterly/mobile/IMG	4556660
9541	prefix	scratch	9576629
9542	prefix	overview	698515
9543	prefix	mont	4685654
9544	semantic	overview design about export	761
9545	infix	chedul	8952652
9546	infix	019-0	3133538
9547	path_fragment	inbox/2020/tra	291377
9548	infix	y-v1 	4940264
9549	prefix	finance	4794450
9550	prefix	restore-	9367225
9551	prefix	receipt	9333845
9552	path_fragment	engineering/accounting	4757081
9553	semantic	finance sandbox about resource	558
9554	infix	e-2021-	3734118
9555	prefix	Trans	6580262
9556	path_fragment	personal/models/pay	3421715
9557	prefix	prese	6582271
9558	infix	exPatch.	7847800
9559	infix	st_vi	7156053
9560	path_fragment	support/imports	5566230
9561	prefix	vendor-	4029683
9562	semantic	pricing review about render	3765
9563	infix	pshot.h	5655240
9564	prefix	audit-e	4752632
9565	infix	021-	4446504
9566	prefix	release-	7793093
9567	infix	m-v4	892028
9568	prefix	devic	3105692
9569	path_fragment	Downloads/docs	2968018
9570	path_fragment	resources/components	6448888
9571	prefix	IMG_202	5039658
9572	infix	41688	6257835
9573	path_fragment	media/backend/pro	5610031
9574	prefix	outpu	5240100
9575	prefix	schema-	1721336
9576	infix	05-22.cs	8688611
9577	prefix	IMG_20	1043756
9578	infix	t-se	5128996
9579	semantic	migration dashboard about scratch	3725
9580	prefix	prototyp	1847657
9581	infix	hedu	6597928
9582	semantic	internal customer about import	1747
9583	path_fragment	research/outbox	2607434
9584	prefix	shee	1180865
9585	path_fragment	vendors/vendors	4978496
9586	infix	rt-2	2188748
9587	infix	sion-ima	3559677
9588	prefix	clien	9945666
9589	prefix	header	5186162
9590	prefix	annual	5310835
9591	infix	mapWork	1772372
9592	prefix	profil	4375601
9593	infix	-data-li	2064834
9594	path_fragment	models/operations	8847623
9595	infix	ew-rele	4361108
9596	semantic	video export about dashboard	634
9597	path_fragment	accounting/photos/wor	2182982
9598	prefix	not	2251366
9599	prefix	con	5987264
9600	prefix	scri	6139707
9601	infix	ing-2	5422114
9602	infix	torag	3416199
9603	semantic	dashboard license about screenshot	1973
9604	prefix	tran	8636851
9605	prefix	setting	2168628
9606	infix	2 (c	2517803
9607	path_fragment	2023/clients	7542918
9608	prefix	workfl	6790132
9609	path_fragment	utils/products	2995506
9610	prefix	draf	6225481
9611	infix	line.j	4334592
9612	semantic	report staging about license	1214
9613	infix	3.jp	1350446
9614	path_fragment	sales/staging/scr	4513163
9615	path_fragment	sales/2021/Mig	6882076
9616	infix	vey-202	7375035
9617	prefix	IMG_	6550475
9618	prefix	IMG_202	2622886
9619	prefix	fina	7966714
9620	path_fragment	2026/components	2575867
9621	infix	meet	3414682
9622	infix	doff	6190402
9623	infix	tore	2888957
9624	prefix	SyncWo	6313188
9625	prefix	Workflo	3199990
9626	prefix	audit-20	2869218
9627	path_fragment	Downloads/scripts	6066988
9628	semantic	schedule sample about script	3093
9629	prefix	kickoff-	6152859
9630	prefix	portra	220883
9631	prefix	mockup	2528855
9632	infix	MG_2023	9530235
9633	path_fragment	exports/products/han	2436988
9634	infix	uild.m	6134284
9635	infix	ing-prod	714556
9636	prefix	budget-	8419168
9637	semantic	scratch index about monthly	1741
9638	path_fragment	backend/common	1504594
9639	prefix	vendor-	6216093
9640	path_fragment	resources/imports/res	3423786
9641	prefix	prot	7934718
9642	prefix	pricing-	9368429
9643	prefix	out	8046351
9644	path_fragment	src/デザイン/pre	4576540
9645	infix	acking-	2445275
9646	infix	e.ht	4390465
9647	prefix	migratio	2051379
9648	semantic	strategy data about staging	1566
9649	infix	ice-log	9914826
9650	prefix	metrics	3505096
9651	semantic	screenshot config about security	1233
9652	infix	ustome	7774710
9653	path_fragment	Desktop/resources/res	5056422
9654	path_fragment	Desktop/fixtures	978311
9655	prefix	export	713641
9656	infix	chedu	3587137
9657	prefix	Fina	5307709
9658	infix	mmary-	4513672
9659	prefix	sand	2191395
9660	prefix	repor	4631798
9661	infix	-2026-10	7888322
9662	prefix	report	9297463
9663	semantic	onboarding system about settings	161
9664	prefix	Prof	9059704
9665	path_fragment	tools/inbox/sto	5187703
9666	path_fragment	staging/shared	391015
9667	infix	ap.yam	2573743
9668	prefix	wirefra	3215980
9669	infix	tch-vide	815177
9670	prefix	sche	6160912
9671	infix	ata-v5	424213
9672	infix	shot-s	476579
9673	path_fragment	personal/scripts/man	3737894
9674	prefix	build-r	833906
9675	path_fragment	support/scripts	9105493
9676	infix	fina	9865115
9677	semantic	transfer response about usage	942
9678	prefix	IMG	656786
9679	prefix	han	9020662
9680	infix	fication	2170753
9681	prefix	back	1089827
9682	semantic	video recording about usage	1750
9683	prefix	layout-	9116101
9684	prefix	dashbo	7294437
9685	infix	ecast-2	2462816
9686	infix	napshot	3951894
9687	path_fragment	backend/2024/str	5272822
9688	prefix	IMG_20	8588562
9689	path_fragment	archive/static	3244541
9690	infix	load-	4718668
9691	prefix	pip	1505420
9692	prefix	expor	8898786
9693	infix	tore.	790118
9694	path_fragment	scripts/static	401730
9695	path_fragment	imports/platform	2702301
9696	semantic	transcript cache about forecast	2762
9697	infix	nthly	3263003
9698	prefix	relea	2565199
9699	prefix	summar	5575666
9700	path_fragment	Pictures/misc/scr	824323
9701	prefix	resource	3787393
9702	path_fragment	media/2025/dia	1860551
9703	prefix	image_	4312168
9704	prefix	reque	3077751
9705	infix	onthl	876478
9706	infix	t.xls	3240934
9707	semantic	forecast design about schedule	3571
9708	infix	handove	7587381
9709	prefix	scratc	5367836
9710	prefix	policy_	2941886
9711	infix	-pat	1399738
9712	path_fragment	imports/legal	3486014
9713	prefix	patch-pr	1360975
9714	prefix	ven	4922589
9715	path_fragment	customers/2020	4490293
9716	infix	am-202	2657348
9717	infix	ings-d	8164583
9718	prefix	versi	5202234
9719	semantic	template output about statement	3709
9720	semantic	notes assets about service	2112
9721	infix	resto	2572589
9722	path_fragment	docs/2025/sum	2820287
9723	prefix	payro	4146991
9724	path_fragment	core/デザイン/ima	3519054
9725	prefix	serve	7772758
9726	infix	ce-f	4377222
9727	prefix	present	1565234
9728	infix	-produc	9929154
9729	prefix	polic	1876218
9730	infix	ckag	9525929
9731	prefix	not	8356330
9732	path_fragment	Pictures/personal/ren	3848750
9733	path_fragment	2024/lib	2820965
9734	prefix	sec	9359531
9735	infix	-v7.j	5327900
9736	prefix	receip	6864888
9737	semantic	hotfix archive about estimate	3057
9738	prefix	layo	1148812
9739	infix	ata-2021	4230670
9740	infix	nnual.m	641273
9741	prefix	archiv	6107213
9742	infix	ototype	3854381
9743	prefix	respo	5238994
9744	semantic	export logistics about support	3409
9745	path_fragment	Pictures/migrations	8294248
9746	prefix	Rec	8907211
9747	path_fragment	quarterly/2020	771666
9748	infix	flow.to	9137755
9749	prefix	package-	619711
9750	prefix	estimat	6760870
9751	infix	2023-	810189
9752	prefix	conf	8451550
9753	path_fragment	workspace/2024	3509789
9754	prefix	backup-f	2415692
9755	infix	urce-20	2883601
9756	prefix	import	6954732
9757	path_fragment	photos/lib	9581412
9758	infix	ata-upda	9834693
9759	semantic	specification resource about cache	2660
9760	path_fragment	Desktop/docs	4668626
9761	prefix	version-	2438567
9762	prefix	IMG_	4304760
9763	prefix	ann	5460147
9764	infix	chema	7040151
9765	prefix	mock	3051995
9766	semantic	transfer sprint about upload	3999
9767	infix	stics.lo	8902734
9768	infix	endor_	8967523
9769	path_fragment	utils/inbox/lay	1513236
9770	infix	G_20	1524824
9771	semantic	campaign timeline about staging	1798
9772	prefix	ledge	9889131
9773	prefix	report_s	8766519
9774	prefix	contract	4582811
9775	infix	port_bac	9673972
9776	prefix	Archi	5834414
9777	path_fragment	scripts/photos/hea	2834712
9778	infix	sets_w	978861
9779	path_fragment	clients/exports	664211
9780	prefix	review	7026691
9781	path_fragment	core/photos	5673179
9782	infix	eensho	5579073
9783	prefix	req	6290796
9784	infix	ackage	6719436
9785	semantic	draft metrics about backup	3519
9786	path_fragment	Projects/public/pla	2926722
9787	infix	9 (copy	2865340
9788	prefix	sessio	8245614
9789	prefix	san	6576685
9790	path_fragment	admin/marketing	6008130
9791	prefix	trans	6541285
9792	infix	on-manif	1641991
9793	prefix	mig	6650730
9794	semantic	annual budget about schema	476
9795	path_fragment	legal/targets/con	4529662
9796	prefix	workflow	8059352
9797	infix	nual	702057
9798	prefix	profi	5445473
9799	infix	rding_a	3926573
9800	infix	rchive-d	7209725
9801	infix	 2).x	6928053
9802	prefix	sand	9934629
9803	infix	-2025-0	3388804
9804	prefix	hotfix_	6275594
9805	prefix	versio	1678274
9806	prefix	pipeli	5844554
9807	semantic	pricing metrics about meeting	3705
9808	path_fragment	Documents/products	8826572
9809	path_fragment	2024/exports	2626744
9810	path_fragment	static/服务/pro	4484267
9811	infix	very-	1962378
9812	prefix	patc	2980330
9813	infix	l.jp	6310564
9814	prefix	refac	7858726
9815	infix	quar	3850710
9816	path_fragment	archive/mobile	1069564
9817	semantic	estimate server about security	337
9818	prefix	export_	7927765
9819	prefix	requ	8807816
9820	infix	ice-2	2537759
9821	prefix	propo	9763765
9822	path_fragment	personal/images	7860068
9823	semantic	cache engine about workshop	3975
9824	prefix	upload_q	9922764
9825	infix	eo-20	2574140
9826	prefix	service	3851691
9827	prefix	minutes	179031
9828	path_fragment	2024/benchmarks/Moc	5133242
9829	infix	ve-v1.j	6069169
9830	prefix	Hando	3812043
9831	path_fragment	Desktop/targets	5493582
9832	prefix	stor	4811102
9833	path_fragment	workspace/imports/res	762126
9834	prefix	backu	6472391
9835	infix	7 (copy	1223408
9836	prefix	IMG_20	6838291
9837	infix	hboard.	1976422
9838	semantic	usage statement about quarterly	1002
9839	infix	source	83817
9840	infix	stem.p	9370224
9841	prefix	sess	5214795
9842	infix	e.xls	8525516
9843	prefix	Res	224199
9844	path_fragment	sales/misc	8120571
9845	prefix	delive	4788298
9846	prefix	prot	9503000
9847	path_fragment	lib/scripts	9988495
9848	infix	-24.ja	493305
9849	semantic	sample data about roadmap	2772
9850	infix	r-v8.	6771580
9851	prefix	cam	6076899
9852	infix	hotfix	6787072
9853	semantic	settings schedule about notes	1817
9854	infix	cy-v9.pn	6489031
9855	path_fragment	outbox/images	4074552
9856	prefix	update-2	3314561
9857	prefix	patch_	9479419
9858	prefix	service-	2005898
9859	path_fragment	workspace/fixtures	765300
9860	prefix	sample-	1441937
9861	infix	der.t	4912626
9862	path_fragment	Downloads/components	5599101
9863	infix	MG_2	8893841
9864	prefix	Presen	7686452
9865	prefix	cache-	3526739
9866	semantic	system logistics about report	2972
9867	prefix	schedu	7749543
9868	path_fragment	shared/backend/cam	4100865
9869	infix	ng.m	1250348
9870	prefix	request	7606974
9871	infix	inutes.p	6562095
9872	prefix	import	5408941
9873	path_fragment	media/engineering	9777410
9874	semantic	schedule package about render	4022
9875	infix	907_889	2591137
9876	infix	_2021090	218116
9877	path_fragment	images/archive	2788870
9878	prefix	workfl	1513084
9879	prefix	campaig	5046009
9880	path_fragment	products/public	67884
9881	infix	-201	25343
9882	prefix	monthl	8489024
9883	prefix	upload	5543065
9884	infix	-11-07	2432078
9885	prefix	prop	3329972
9886	path_fragment	admin/mobile	5430951
9887	infix	-layout.	154958
9888	semantic	quarterly meeting about customer	8
9889	prefix	source	2904477
9890	prefix	cache	4632712
9891	infix	fact	3453496
9892	infix	2022-0	8273226
9893	infix	eview-	8663661
9894	path_fragment	research/staging/han	5325469
9895	path_fragment	staging/imports	3370737
9896	prefix	wor	7105520
9897	semantic	session sprint about kickoff	2042
9898	prefix	network	7330937
9899	prefix	schema_	7963782
9900	infix	ntrac	2835004
9901	prefix	portrait	6000053
9902	prefix	presenta	4312023
9903	infix	02410	7364500
9904	infix	rategy-	542290
9905	path_fragment	static/mobile	8660832
9906	prefix	IMG_	8269460
9907	semantic	schedule transcript about timeline	2246
9908	prefix	usage_	295375
9909	path_fragment	modules/common/net	246502
9910	path_fragment	android/common	4119392
9911	semantic	release budget about delivery	183
9912	prefix	vendor-	9923049
9913	infix	ecuri	3932901
9914	prefix	IMG_2	802365
9915	prefix	product	2778660
9916	prefix	res	8310804
9917	path_fragment	mobile/웹/pri	7684515
9918	infix	ding.sq	8101370
9919	infix	9-12-2	9062382
9920	path_fragment	hr/workspace/wir	6199628
9921	infix	orec	8845508
9922	semantic	transfer device about finance	2671
9923	prefix	summ	7244842
9924	prefix	forecast	5071997
9925	path_fragment	lib/products/arc	7237692
9926	prefix	IMG_20	861979
9927	infix	ate.	3023332
9928	infix	raft.c	662069
9929	prefix	overv	7875446
9930	infix	low-fi	8149820
9931	prefix	repo	5914556
9932	semantic	campaign customer about transfer	330
9933	prefix	output	4048207
9934	infix	ion-fo	5258917
9935	infix	ge.ht	237360
9936	path_fragment	quarterly/2025/qua	3208658
9937	prefix	scratch	6576488
9938	prefix	patch-su	2557953
9939	path_fragment	frontend/misc	4414319
9940	prefix	met	8036722
9941	semantic	screenshot kickoff about import	865
9942	prefix	netwo	6956956
9943	prefix	sch	5128685
9944	infix	erHo	5060554
9945	path_fragment	Downloads/workspace/del	9636354
9946	infix	e-works	5642227
9947	path_fragment	marketing/api	2918974
9948	infix	10720_42	2361581
9949	prefix	intern	1972850
9950	prefix	schema-v	5244807
9951	prefix	archive	5698993
9952	infix	he_sketc	5707262
9953	prefix	dashboar	7292350
9954	path_fragment	Documents/models/sou	2838571
9955	infix	-v3.	9584160
9956	semantic	research device about snapshot	2538
9957	infix	gist	90859
9958	path_fragment	exports/2021/bui	3935333
9959	prefix	diagr	8599920
9960	prefix	esti	7912838
9961	semantic	audit workshop about manifest	1686
9962	prefix	lice	6303975
9963	prefix	met	7574882
9964	path_fragment	2023/sales/scr	9621442
9965	infix	cense-	5019821
9966	path_fragment	frontend/common/she	556955
9967	infix	onthly-v	9474900
9968	prefix	estim	4565084
9969	infix	x-meeti	8178608
9970	prefix	invoice	5349583
9971	infix	nfig-sa	8598473
9972	path_fragment	fixtures/frontend/ses	232464
9973	prefix	wor	5965570
9974	path_fragment	docs/workspace/roa	6930606
9975	prefix	prof	5603884
9976	semantic	draft request about recording	1991
9977	prefix	Proj	4374587
9978	infix	doff-fi	1511735
9979	infix	8_52	5237252
9980	prefix	planni	2143475
9981	prefix	scrip	7419800
9982	prefix	IMG_2	5008172
9983	semantic	screenshot workshop about overview	3560
9984	prefix	resto	4943900
9985	infix	1846.pn	2039985
9986	path_fragment	workspace/customers	754638
9987	path_fragment	2020/targets	9888761
9988	infix	v6.jp	779485
9989	infix	voice.c	4890919
9990	path_fragment	static/images	5763202
9991	path_fragment	fixtures/resources/fin	8903244
9992	semantic	session survey about template	401
9993	prefix	handover	5837323
9994	prefix	wir	5132015
9995	infix	raft-eng	6840093
9996	prefix	export-s	5730126
9997	infix	-backu	7006867
9998	infix	produc	9661591
9999	prefix	quarter	2572617
